Unnamed: 0,subject_id,age,patch_path
2420,242,-8.104269483368494,./data_starmen/images_patch/Starman__subject_s242__tp_0_patches.npy
2421,242,-7.130502360538611,./data_starmen/images_patch/Starman__subject_s242__tp_1_patches.npy
2422,242,-6.1567352377087285,./data_starmen/images_patch/Starman__subject_s242__tp_2_patches.npy
2423,242,-5.182968114878847,./data_starmen/images_patch/Starman__subject_s242__tp_3_patches.npy
2424,242,-4.209200992048963,./data_starmen/images_patch/Starman__subject_s242__tp_4_patches.npy
2425,242,-3.235433869219081,./data_starmen/images_patch/Starman__subject_s242__tp_5_patches.npy
2426,242,-2.2616667463891984,./data_starmen/images_patch/Starman__subject_s242__tp_6_patches.npy
2427,242,-1.2878996235593156,./data_starmen/images_patch/Starman__subject_s242__tp_7_patches.npy
2428,242,-0.3141325007294329,./data_starmen/images_patch/Starman__subject_s242__tp_8_patches.npy
2429,242,0.6596346221004499,./data_starmen/images_patch/Starman__subject_s242__tp_9_patches.npy
2430,243,-4.257012118228977,./data_starmen/images_patch/Starman__subject_s243__tp_0_patches.npy
2431,243,-3.2528057270809168,./data_starmen/images_patch/Starman__subject_s243__tp_1_patches.npy
2432,243,-2.2485993359328567,./data_starmen/images_patch/Starman__subject_s243__tp_2_patches.npy
2433,243,-1.2443929447847966,./data_starmen/images_patch/Starman__subject_s243__tp_3_patches.npy
2434,243,-0.240186553636736,./data_starmen/images_patch/Starman__subject_s243__tp_4_patches.npy
2435,243,0.7640198375113245,./data_starmen/images_patch/Starman__subject_s243__tp_5_patches.npy
2436,243,1.7682262286593842,./data_starmen/images_patch/Starman__subject_s243__tp_6_patches.npy
2437,243,2.7724326198074447,./data_starmen/images_patch/Starman__subject_s243__tp_7_patches.npy
2438,243,3.776639010955505,./data_starmen/images_patch/Starman__subject_s243__tp_8_patches.npy
2439,243,4.780845402103565,./data_starmen/images_patch/Starman__subject_s243__tp_9_patches.npy
2450,245,-4.3703025099628725,./data_starmen/images_patch/Starman__subject_s245__tp_0_patches.npy
2451,245,-3.3735264504397406,./data_starmen/images_patch/Starman__subject_s245__tp_1_patches.npy
2452,245,-2.376750390916609,./data_starmen/images_patch/Starman__subject_s245__tp_2_patches.npy
2453,245,-1.3799743313934778,./data_starmen/images_patch/Starman__subject_s245__tp_3_patches.npy
2454,245,-0.3831982718703459,./data_starmen/images_patch/Starman__subject_s245__tp_4_patches.npy
2455,245,0.6135777876527859,./data_starmen/images_patch/Starman__subject_s245__tp_5_patches.npy
2456,245,1.610353847175917,./data_starmen/images_patch/Starman__subject_s245__tp_6_patches.npy
2457,245,2.6071299066990488,./data_starmen/images_patch/Starman__subject_s245__tp_7_patches.npy
2458,245,3.6039059662221806,./data_starmen/images_patch/Starman__subject_s245__tp_8_patches.npy
2459,245,4.6006820257453125,./data_starmen/images_patch/Starman__subject_s245__tp_9_patches.npy
2460,246,-5.581948980786674,./data_starmen/images_patch/Starman__subject_s246__tp_0_patches.npy
2461,246,-4.503225150408673,./data_starmen/images_patch/Starman__subject_s246__tp_1_patches.npy
2462,246,-3.424501320030672,./data_starmen/images_patch/Starman__subject_s246__tp_2_patches.npy
2463,246,-2.3457774896526717,./data_starmen/images_patch/Starman__subject_s246__tp_3_patches.npy
2464,246,-1.2670536592746702,./data_starmen/images_patch/Starman__subject_s246__tp_4_patches.npy
2465,246,-0.188329828896669,./data_starmen/images_patch/Starman__subject_s246__tp_5_patches.npy
2466,246,0.8903940014813312,./data_starmen/images_patch/Starman__subject_s246__tp_6_patches.npy
2467,246,1.9691178318593323,./data_starmen/images_patch/Starman__subject_s246__tp_7_patches.npy
2468,246,3.047841662237333,./data_starmen/images_patch/Starman__subject_s246__tp_8_patches.npy
2469,246,4.126565492615335,./data_starmen/images_patch/Starman__subject_s246__tp_9_patches.npy
2480,248,-5.351160421504946,./data_starmen/images_patch/Starman__subject_s248__tp_0_patches.npy
2481,248,-4.0571486691532925,./data_starmen/images_patch/Starman__subject_s248__tp_1_patches.npy
2482,248,-2.7631369168016384,./data_starmen/images_patch/Starman__subject_s248__tp_2_patches.npy
2483,248,-1.4691251644499848,./data_starmen/images_patch/Starman__subject_s248__tp_3_patches.npy
2484,248,-0.1751134120983311,./data_starmen/images_patch/Starman__subject_s248__tp_4_patches.npy
2485,248,1.118898340253323,./data_starmen/images_patch/Starman__subject_s248__tp_5_patches.npy
2486,248,2.412910092604976,./data_starmen/images_patch/Starman__subject_s248__tp_6_patches.npy
2487,248,3.7069218449566295,./data_starmen/images_patch/Starman__subject_s248__tp_7_patches.npy
2488,248,5.000933597308284,./data_starmen/images_patch/Starman__subject_s248__tp_8_patches.npy
2489,248,6.294945349659938,./data_starmen/images_patch/Starman__subject_s248__tp_9_patches.npy
2490,249,-4.3703744231123975,./data_starmen/images_patch/Starman__subject_s249__tp_0_patches.npy
2491,249,-3.3181405326909856,./data_starmen/images_patch/Starman__subject_s249__tp_1_patches.npy
2492,249,-2.2659066422695737,./data_starmen/images_patch/Starman__subject_s249__tp_2_patches.npy
2493,249,-1.2136727518481618,./data_starmen/images_patch/Starman__subject_s249__tp_3_patches.npy
2494,249,-0.1614388614267499,./data_starmen/images_patch/Starman__subject_s249__tp_4_patches.npy
2495,249,0.8907950289946625,./data_starmen/images_patch/Starman__subject_s249__tp_5_patches.npy
2496,249,1.943028919416074,./data_starmen/images_patch/Starman__subject_s249__tp_6_patches.npy
2497,249,2.9952628098374854,./data_starmen/images_patch/Starman__subject_s249__tp_7_patches.npy
2498,249,4.047496700258898,./data_starmen/images_patch/Starman__subject_s249__tp_8_patches.npy
2499,249,5.09973059068031,./data_starmen/images_patch/Starman__subject_s249__tp_9_patches.npy
2500,250,-1.1291643454710083,./data_starmen/images_patch/Starman__subject_s250__tp_0_patches.npy
2501,250,-0.1790677933023922,./data_starmen/images_patch/Starman__subject_s250__tp_1_patches.npy
2502,250,0.7710287588662241,./data_starmen/images_patch/Starman__subject_s250__tp_2_patches.npy
2503,250,1.7211253110348403,./data_starmen/images_patch/Starman__subject_s250__tp_3_patches.npy
2504,250,2.671221863203457,./data_starmen/images_patch/Starman__subject_s250__tp_4_patches.npy
2505,250,3.621318415372073,./data_starmen/images_patch/Starman__subject_s250__tp_5_patches.npy
2506,250,4.571414967540689,./data_starmen/images_patch/Starman__subject_s250__tp_6_patches.npy
2507,250,5.521511519709306,./data_starmen/images_patch/Starman__subject_s250__tp_7_patches.npy
2508,250,6.471608071877922,./data_starmen/images_patch/Starman__subject_s250__tp_8_patches.npy
2509,250,7.421704624046538,./data_starmen/images_patch/Starman__subject_s250__tp_9_patches.npy
2510,251,-4.1475546741824445,./data_starmen/images_patch/Starman__subject_s251__tp_0_patches.npy
2511,251,-2.9519507441314348,./data_starmen/images_patch/Starman__subject_s251__tp_1_patches.npy
2512,251,-1.7563468140804246,./data_starmen/images_patch/Starman__subject_s251__tp_2_patches.npy
2513,251,-0.5607428840294144,./data_starmen/images_patch/Starman__subject_s251__tp_3_patches.npy
2514,251,0.6348610460215953,./data_starmen/images_patch/Starman__subject_s251__tp_4_patches.npy
2515,251,1.830464976072605,./data_starmen/images_patch/Starman__subject_s251__tp_5_patches.npy
2516,251,3.026068906123616,./data_starmen/images_patch/Starman__subject_s251__tp_6_patches.npy
2517,251,4.2216728361746245,./data_starmen/images_patch/Starman__subject_s251__tp_7_patches.npy
2518,251,5.417276766225635,./data_starmen/images_patch/Starman__subject_s251__tp_8_patches.npy
2519,251,6.612880696276646,./data_starmen/images_patch/Starman__subject_s251__tp_9_patches.npy
2520,252,-6.238743944586018,./data_starmen/images_patch/Starman__subject_s252__tp_0_patches.npy
2521,252,-5.188580111380044,./data_starmen/images_patch/Starman__subject_s252__tp_1_patches.npy
2522,252,-4.13841627817407,./data_starmen/images_patch/Starman__subject_s252__tp_2_patches.npy
2523,252,-3.088252444968095,./data_starmen/images_patch/Starman__subject_s252__tp_3_patches.npy
2524,252,-2.038088611762121,./data_starmen/images_patch/Starman__subject_s252__tp_4_patches.npy
2525,252,-0.9879247785561472,./data_starmen/images_patch/Starman__subject_s252__tp_5_patches.npy
2526,252,0.0622390546498277,./data_starmen/images_patch/Starman__subject_s252__tp_6_patches.npy
2527,252,1.1124028878558017,./data_starmen/images_patch/Starman__subject_s252__tp_7_patches.npy
2528,252,2.162566721061776,./data_starmen/images_patch/Starman__subject_s252__tp_8_patches.npy
2529,252,3.2127305542677504,./data_starmen/images_patch/Starman__subject_s252__tp_9_patches.npy
2530,253,-5.3546201508589375,./data_starmen/images_patch/Starman__subject_s253__tp_0_patches.npy
2531,253,-4.34263592571944,./data_starmen/images_patch/Starman__subject_s253__tp_1_patches.npy
2532,253,-3.330651700579942,./data_starmen/images_patch/Starman__subject_s253__tp_2_patches.npy
2533,253,-2.3186674754404444,./data_starmen/images_patch/Starman__subject_s253__tp_3_patches.npy
2534,253,-1.306683250300947,./data_starmen/images_patch/Starman__subject_s253__tp_4_patches.npy
2535,253,-0.2946990251614485,./data_starmen/images_patch/Starman__subject_s253__tp_5_patches.npy
2536,253,0.7172851999780487,./data_starmen/images_patch/Starman__subject_s253__tp_6_patches.npy
2537,253,1.729269425117546,./data_starmen/images_patch/Starman__subject_s253__tp_7_patches.npy
2538,253,2.741253650257044,./data_starmen/images_patch/Starman__subject_s253__tp_8_patches.npy
2539,253,3.7532378753965423,./data_starmen/images_patch/Starman__subject_s253__tp_9_patches.npy
2550,255,-2.771457555074249,./data_starmen/images_patch/Starman__subject_s255__tp_0_patches.npy
2551,255,-1.5361150486735196,./data_starmen/images_patch/Starman__subject_s255__tp_1_patches.npy
2552,255,-0.3007725422727896,./data_starmen/images_patch/Starman__subject_s255__tp_2_patches.npy
2553,255,0.9345699641279404,./data_starmen/images_patch/Starman__subject_s255__tp_3_patches.npy
2554,255,2.1699124705286703,./data_starmen/images_patch/Starman__subject_s255__tp_4_patches.npy
2555,255,3.4052549769294007,./data_starmen/images_patch/Starman__subject_s255__tp_5_patches.npy
2556,255,4.64059748333013,./data_starmen/images_patch/Starman__subject_s255__tp_6_patches.npy
2557,255,5.87593998973086,./data_starmen/images_patch/Starman__subject_s255__tp_7_patches.npy
2558,255,7.11128249613159,./data_starmen/images_patch/Starman__subject_s255__tp_8_patches.npy
2559,255,8.34662500253232,./data_starmen/images_patch/Starman__subject_s255__tp_9_patches.npy
2570,257,-3.886780708706972,./data_starmen/images_patch/Starman__subject_s257__tp_0_patches.npy
2571,257,-2.7868871064235963,./data_starmen/images_patch/Starman__subject_s257__tp_1_patches.npy
2572,257,-1.6869935041402204,./data_starmen/images_patch/Starman__subject_s257__tp_2_patches.npy
2573,257,-0.5870999018568446,./data_starmen/images_patch/Starman__subject_s257__tp_3_patches.npy
2574,257,0.5127937004265313,./data_starmen/images_patch/Starman__subject_s257__tp_4_patches.npy
2575,257,1.6126873027099071,./data_starmen/images_patch/Starman__subject_s257__tp_5_patches.npy
2576,257,2.712580904993283,./data_starmen/images_patch/Starman__subject_s257__tp_6_patches.npy
2577,257,3.812474507276659,./data_starmen/images_patch/Starman__subject_s257__tp_7_patches.npy
2578,257,4.912368109560035,./data_starmen/images_patch/Starman__subject_s257__tp_8_patches.npy
2579,257,6.012261711843411,./data_starmen/images_patch/Starman__subject_s257__tp_9_patches.npy
2580,258,-5.748824975766535,./data_starmen/images_patch/Starman__subject_s258__tp_0_patches.npy
2581,258,-4.653414898093423,./data_starmen/images_patch/Starman__subject_s258__tp_1_patches.npy
2582,258,-3.5580048204203094,./data_starmen/images_patch/Starman__subject_s258__tp_2_patches.npy
2583,258,-2.4625947427471964,./data_starmen/images_patch/Starman__subject_s258__tp_3_patches.npy
2584,258,-1.3671846650740838,./data_starmen/images_patch/Starman__subject_s258__tp_4_patches.npy
2585,258,-0.2717745874009711,./data_starmen/images_patch/Starman__subject_s258__tp_5_patches.npy
2586,258,0.8236354902721423,./data_starmen/images_patch/Starman__subject_s258__tp_6_patches.npy
2587,258,1.919045567945255,./data_starmen/images_patch/Starman__subject_s258__tp_7_patches.npy
2588,258,3.0144556456183675,./data_starmen/images_patch/Starman__subject_s258__tp_8_patches.npy
2589,258,4.109865723291481,./data_starmen/images_patch/Starman__subject_s258__tp_9_patches.npy
2620,262,-6.703121705239282,./data_starmen/images_patch/Starman__subject_s262__tp_0_patches.npy
2621,262,-5.650965749093944,./data_starmen/images_patch/Starman__subject_s262__tp_1_patches.npy
2622,262,-4.598809792948607,./data_starmen/images_patch/Starman__subject_s262__tp_2_patches.npy
2623,262,-3.5466538368032694,./data_starmen/images_patch/Starman__subject_s262__tp_3_patches.npy
2624,262,-2.4944978806579314,./data_starmen/images_patch/Starman__subject_s262__tp_4_patches.npy
2625,262,-1.4423419245125937,./data_starmen/images_patch/Starman__subject_s262__tp_5_patches.npy
2626,262,-0.3901859683672564,./data_starmen/images_patch/Starman__subject_s262__tp_6_patches.npy
2627,262,0.6619699877780816,./data_starmen/images_patch/Starman__subject_s262__tp_7_patches.npy
2628,262,1.7141259439234195,./data_starmen/images_patch/Starman__subject_s262__tp_8_patches.npy
2629,262,2.766281900068757,./data_starmen/images_patch/Starman__subject_s262__tp_9_patches.npy
2630,263,-7.030948049056178,./data_starmen/images_patch/Starman__subject_s263__tp_0_patches.npy
2631,263,-5.992618799569667,./data_starmen/images_patch/Starman__subject_s263__tp_1_patches.npy
2632,263,-4.954289550083155,./data_starmen/images_patch/Starman__subject_s263__tp_2_patches.npy
2633,263,-3.915960300596643,./data_starmen/images_patch/Starman__subject_s263__tp_3_patches.npy
2634,263,-2.8776310511101317,./data_starmen/images_patch/Starman__subject_s263__tp_4_patches.npy
2635,263,-1.83930180162362,./data_starmen/images_patch/Starman__subject_s263__tp_5_patches.npy
2636,263,-0.8009725521371074,./data_starmen/images_patch/Starman__subject_s263__tp_6_patches.npy
2637,263,0.2373566973494041,./data_starmen/images_patch/Starman__subject_s263__tp_7_patches.npy
2638,263,1.2756859468359156,./data_starmen/images_patch/Starman__subject_s263__tp_8_patches.npy
2639,263,2.314015196322428,./data_starmen/images_patch/Starman__subject_s263__tp_9_patches.npy
2640,264,-5.847918954891614,./data_starmen/images_patch/Starman__subject_s264__tp_0_patches.npy
2641,264,-4.315799072708674,./data_starmen/images_patch/Starman__subject_s264__tp_1_patches.npy
2642,264,-2.783679190525734,./data_starmen/images_patch/Starman__subject_s264__tp_2_patches.npy
2643,264,-1.2515593083427945,./data_starmen/images_patch/Starman__subject_s264__tp_3_patches.npy
2644,264,0.2805605738401455,./data_starmen/images_patch/Starman__subject_s264__tp_4_patches.npy
2645,264,1.8126804560230851,./data_starmen/images_patch/Starman__subject_s264__tp_5_patches.npy
2646,264,3.344800338206025,./data_starmen/images_patch/Starman__subject_s264__tp_6_patches.npy
2647,264,4.876920220388965,./data_starmen/images_patch/Starman__subject_s264__tp_7_patches.npy
2648,264,6.409040102571905,./data_starmen/images_patch/Starman__subject_s264__tp_8_patches.npy
2649,264,7.941159984754845,./data_starmen/images_patch/Starman__subject_s264__tp_9_patches.npy
2660,266,-6.033406762778457,./data_starmen/images_patch/Starman__subject_s266__tp_0_patches.npy
2661,266,-4.992155013096034,./data_starmen/images_patch/Starman__subject_s266__tp_1_patches.npy
2662,266,-3.950903263413611,./data_starmen/images_patch/Starman__subject_s266__tp_2_patches.npy
2663,266,-2.9096515137311885,./data_starmen/images_patch/Starman__subject_s266__tp_3_patches.npy
2664,266,-1.8683997640487655,./data_starmen/images_patch/Starman__subject_s266__tp_4_patches.npy
2665,266,-0.827148014366343,./data_starmen/images_patch/Starman__subject_s266__tp_5_patches.npy
2666,266,0.2141037353160797,./data_starmen/images_patch/Starman__subject_s266__tp_6_patches.npy
2667,266,1.2553554849985025,./data_starmen/images_patch/Starman__subject_s266__tp_7_patches.npy
2668,266,2.296607234680925,./data_starmen/images_patch/Starman__subject_s266__tp_8_patches.npy
2669,266,3.337858984363349,./data_starmen/images_patch/Starman__subject_s266__tp_9_patches.npy
2670,267,-9.348466212086684,./data_starmen/images_patch/Starman__subject_s267__tp_0_patches.npy
2671,267,-8.377196605562276,./data_starmen/images_patch/Starman__subject_s267__tp_1_patches.npy
2672,267,-7.4059269990378676,./data_starmen/images_patch/Starman__subject_s267__tp_2_patches.npy
2673,267,-6.43465739251346,./data_starmen/images_patch/Starman__subject_s267__tp_3_patches.npy
2674,267,-5.463387785989051,./data_starmen/images_patch/Starman__subject_s267__tp_4_patches.npy
2675,267,-4.492118179464642,./data_starmen/images_patch/Starman__subject_s267__tp_5_patches.npy
2676,267,-3.520848572940234,./data_starmen/images_patch/Starman__subject_s267__tp_6_patches.npy
2677,267,-2.549578966415826,./data_starmen/images_patch/Starman__subject_s267__tp_7_patches.npy
2678,267,-1.578309359891417,./data_starmen/images_patch/Starman__subject_s267__tp_8_patches.npy
2679,267,-0.6070397533670082,./data_starmen/images_patch/Starman__subject_s267__tp_9_patches.npy
2680,268,-8.822838266596843,./data_starmen/images_patch/Starman__subject_s268__tp_0_patches.npy
2681,268,-7.651753644465642,./data_starmen/images_patch/Starman__subject_s268__tp_1_patches.npy
2682,268,-6.480669022334441,./data_starmen/images_patch/Starman__subject_s268__tp_2_patches.npy
2683,268,-5.30958440020324,./data_starmen/images_patch/Starman__subject_s268__tp_3_patches.npy
2684,268,-4.138499778072038,./data_starmen/images_patch/Starman__subject_s268__tp_4_patches.npy
2685,268,-2.967415155940837,./data_starmen/images_patch/Starman__subject_s268__tp_5_patches.npy
2686,268,-1.7963305338096358,./data_starmen/images_patch/Starman__subject_s268__tp_6_patches.npy
2687,268,-0.6252459116784337,./data_starmen/images_patch/Starman__subject_s268__tp_7_patches.npy
2688,268,0.5458387104527667,./data_starmen/images_patch/Starman__subject_s268__tp_8_patches.npy
2689,268,1.716923332583967,./data_starmen/images_patch/Starman__subject_s268__tp_9_patches.npy
2690,269,-5.175328913463676,./data_starmen/images_patch/Starman__subject_s269__tp_0_patches.npy
2691,269,-4.088551658627501,./data_starmen/images_patch/Starman__subject_s269__tp_1_patches.npy
2692,269,-3.0017744037913263,./data_starmen/images_patch/Starman__subject_s269__tp_2_patches.npy
2693,269,-1.914997148955152,./data_starmen/images_patch/Starman__subject_s269__tp_3_patches.npy
2694,269,-0.8282198941189769,./data_starmen/images_patch/Starman__subject_s269__tp_4_patches.npy
2695,269,0.258557360717198,./data_starmen/images_patch/Starman__subject_s269__tp_5_patches.npy
2696,269,1.345334615553372,./data_starmen/images_patch/Starman__subject_s269__tp_6_patches.npy
2697,269,2.432111870389547,./data_starmen/images_patch/Starman__subject_s269__tp_7_patches.npy
2698,269,3.518889125225722,./data_starmen/images_patch/Starman__subject_s269__tp_8_patches.npy
2699,269,4.605666380061897,./data_starmen/images_patch/Starman__subject_s269__tp_9_patches.npy
2700,270,-6.897838011162316,./data_starmen/images_patch/Starman__subject_s270__tp_0_patches.npy
2701,270,-5.833234117285125,./data_starmen/images_patch/Starman__subject_s270__tp_1_patches.npy
2702,270,-4.768630223407934,./data_starmen/images_patch/Starman__subject_s270__tp_2_patches.npy
2703,270,-3.704026329530744,./data_starmen/images_patch/Starman__subject_s270__tp_3_patches.npy
2704,270,-2.639422435653553,./data_starmen/images_patch/Starman__subject_s270__tp_4_patches.npy
2705,270,-1.574818541776362,./data_starmen/images_patch/Starman__subject_s270__tp_5_patches.npy
2706,270,-0.510214647899172,./data_starmen/images_patch/Starman__subject_s270__tp_6_patches.npy
2707,270,0.5543892459780189,./data_starmen/images_patch/Starman__subject_s270__tp_7_patches.npy
2708,270,1.6189931398552098,./data_starmen/images_patch/Starman__subject_s270__tp_8_patches.npy
2709,270,2.6835970337324007,./data_starmen/images_patch/Starman__subject_s270__tp_9_patches.npy
2710,271,-1.052765657527036,./data_starmen/images_patch/Starman__subject_s271__tp_0_patches.npy
2711,271,-0.1342352252415763,./data_starmen/images_patch/Starman__subject_s271__tp_1_patches.npy
2712,271,0.7842952070438831,./data_starmen/images_patch/Starman__subject_s271__tp_2_patches.npy
2713,271,1.7028256393293426,./data_starmen/images_patch/Starman__subject_s271__tp_3_patches.npy
2714,271,2.621356071614802,./data_starmen/images_patch/Starman__subject_s271__tp_4_patches.npy
2715,271,3.5398865039002616,./data_starmen/images_patch/Starman__subject_s271__tp_5_patches.npy
2716,271,4.458416936185721,./data_starmen/images_patch/Starman__subject_s271__tp_6_patches.npy
2717,271,5.37694736847118,./data_starmen/images_patch/Starman__subject_s271__tp_7_patches.npy
2718,271,6.29547780075664,./data_starmen/images_patch/Starman__subject_s271__tp_8_patches.npy
2719,271,7.214008233042099,./data_starmen/images_patch/Starman__subject_s271__tp_9_patches.npy
2720,272,-7.824416491314629,./data_starmen/images_patch/Starman__subject_s272__tp_0_patches.npy
2721,272,-6.864728719021359,./data_starmen/images_patch/Starman__subject_s272__tp_1_patches.npy
2722,272,-5.90504094672809,./data_starmen/images_patch/Starman__subject_s272__tp_2_patches.npy
2723,272,-4.945353174434821,./data_starmen/images_patch/Starman__subject_s272__tp_3_patches.npy
2724,272,-3.985665402141551,./data_starmen/images_patch/Starman__subject_s272__tp_4_patches.npy
2725,272,-3.025977629848281,./data_starmen/images_patch/Starman__subject_s272__tp_5_patches.npy
2726,272,-2.066289857555012,./data_starmen/images_patch/Starman__subject_s272__tp_6_patches.npy
2727,272,-1.106602085261743,./data_starmen/images_patch/Starman__subject_s272__tp_7_patches.npy
2728,272,-0.1469143129684731,./data_starmen/images_patch/Starman__subject_s272__tp_8_patches.npy
2729,272,0.8127734593247968,./data_starmen/images_patch/Starman__subject_s272__tp_9_patches.npy
2730,273,-6.327465215659121,./data_starmen/images_patch/Starman__subject_s273__tp_0_patches.npy
2731,273,-5.3046611438740925,./data_starmen/images_patch/Starman__subject_s273__tp_1_patches.npy
2732,273,-4.281857072089064,./data_starmen/images_patch/Starman__subject_s273__tp_2_patches.npy
2733,273,-3.259053000304037,./data_starmen/images_patch/Starman__subject_s273__tp_3_patches.npy
2734,273,-2.236248928519008,./data_starmen/images_patch/Starman__subject_s273__tp_4_patches.npy
2735,273,-1.2134448567339795,./data_starmen/images_patch/Starman__subject_s273__tp_5_patches.npy
2736,273,-0.1906407849489522,./data_starmen/images_patch/Starman__subject_s273__tp_6_patches.npy
2737,273,0.8321632868360762,./data_starmen/images_patch/Starman__subject_s273__tp_7_patches.npy
2738,273,1.8549673586211048,./data_starmen/images_patch/Starman__subject_s273__tp_8_patches.npy
2739,273,2.877771430406133,./data_starmen/images_patch/Starman__subject_s273__tp_9_patches.npy
2740,274,-5.04332875588353,./data_starmen/images_patch/Starman__subject_s274__tp_0_patches.npy
2741,274,-4.061905437689232,./data_starmen/images_patch/Starman__subject_s274__tp_1_patches.npy
2742,274,-3.080482119494935,./data_starmen/images_patch/Starman__subject_s274__tp_2_patches.npy
2743,274,-2.0990588013006373,./data_starmen/images_patch/Starman__subject_s274__tp_3_patches.npy
2744,274,-1.1176354831063398,./data_starmen/images_patch/Starman__subject_s274__tp_4_patches.npy
2745,274,-0.1362121649120427,./data_starmen/images_patch/Starman__subject_s274__tp_5_patches.npy
2746,274,0.8452111532822553,./data_starmen/images_patch/Starman__subject_s274__tp_6_patches.npy
2747,274,1.8266344714765528,./data_starmen/images_patch/Starman__subject_s274__tp_7_patches.npy
2748,274,2.8080577896708503,./data_starmen/images_patch/Starman__subject_s274__tp_8_patches.npy
2749,274,3.7894811078651474,./data_starmen/images_patch/Starman__subject_s274__tp_9_patches.npy
2760,276,-6.73334937654216,./data_starmen/images_patch/Starman__subject_s276__tp_0_patches.npy
2761,276,-5.250704847903477,./data_starmen/images_patch/Starman__subject_s276__tp_1_patches.npy
2762,276,-3.7680603192647935,./data_starmen/images_patch/Starman__subject_s276__tp_2_patches.npy
2763,276,-2.285415790626112,./data_starmen/images_patch/Starman__subject_s276__tp_3_patches.npy
2764,276,-0.802771261987429,./data_starmen/images_patch/Starman__subject_s276__tp_4_patches.npy
2765,276,0.6798732666512537,./data_starmen/images_patch/Starman__subject_s276__tp_5_patches.npy
2766,276,2.1625177952899364,./data_starmen/images_patch/Starman__subject_s276__tp_6_patches.npy
2767,276,3.645162323928618,./data_starmen/images_patch/Starman__subject_s276__tp_7_patches.npy
2768,276,5.127806852567302,./data_starmen/images_patch/Starman__subject_s276__tp_8_patches.npy
2769,276,6.610451381205985,./data_starmen/images_patch/Starman__subject_s276__tp_9_patches.npy
2780,278,-5.474373607521332,./data_starmen/images_patch/Starman__subject_s278__tp_0_patches.npy
2781,278,-4.509884889886404,./data_starmen/images_patch/Starman__subject_s278__tp_1_patches.npy
2782,278,-3.5453961722514764,./data_starmen/images_patch/Starman__subject_s278__tp_2_patches.npy
2783,278,-2.580907454616549,./data_starmen/images_patch/Starman__subject_s278__tp_3_patches.npy
2784,278,-1.6164187369816214,./data_starmen/images_patch/Starman__subject_s278__tp_4_patches.npy
2785,278,-0.6519300193466941,./data_starmen/images_patch/Starman__subject_s278__tp_5_patches.npy
2786,278,0.3125586982882335,./data_starmen/images_patch/Starman__subject_s278__tp_6_patches.npy
2787,278,1.2770474159231613,./data_starmen/images_patch/Starman__subject_s278__tp_7_patches.npy
2788,278,2.241536133558089,./data_starmen/images_patch/Starman__subject_s278__tp_8_patches.npy
2789,278,3.2060248511930167,./data_starmen/images_patch/Starman__subject_s278__tp_9_patches.npy
2790,279,-3.1847966656886344,./data_starmen/images_patch/Starman__subject_s279__tp_0_patches.npy
2791,279,-2.2356052509844817,./data_starmen/images_patch/Starman__subject_s279__tp_1_patches.npy
2792,279,-1.2864138362803286,./data_starmen/images_patch/Starman__subject_s279__tp_2_patches.npy
2793,279,-0.3372224215761754,./data_starmen/images_patch/Starman__subject_s279__tp_3_patches.npy
2794,279,0.6119689931279773,./data_starmen/images_patch/Starman__subject_s279__tp_4_patches.npy
2795,279,1.56116040783213,./data_starmen/images_patch/Starman__subject_s279__tp_5_patches.npy
2796,279,2.5103518225362835,./data_starmen/images_patch/Starman__subject_s279__tp_6_patches.npy
2797,279,3.459543237240436,./data_starmen/images_patch/Starman__subject_s279__tp_7_patches.npy
2798,279,4.408734651944589,./data_starmen/images_patch/Starman__subject_s279__tp_8_patches.npy
2799,279,5.357926066648742,./data_starmen/images_patch/Starman__subject_s279__tp_9_patches.npy
2820,282,-3.751113999517292,./data_starmen/images_patch/Starman__subject_s282__tp_0_patches.npy
2821,282,-2.5307905433472397,./data_starmen/images_patch/Starman__subject_s282__tp_1_patches.npy
2822,282,-1.3104670871771869,./data_starmen/images_patch/Starman__subject_s282__tp_2_patches.npy
2823,282,-0.0901436310071344,./data_starmen/images_patch/Starman__subject_s282__tp_3_patches.npy
2824,282,1.130179825162918,./data_starmen/images_patch/Starman__subject_s282__tp_4_patches.npy
2825,282,2.3505032813329705,./data_starmen/images_patch/Starman__subject_s282__tp_5_patches.npy
2826,282,3.570826737503023,./data_starmen/images_patch/Starman__subject_s282__tp_6_patches.npy
2827,282,4.791150193673074,./data_starmen/images_patch/Starman__subject_s282__tp_7_patches.npy
2828,282,6.011473649843127,./data_starmen/images_patch/Starman__subject_s282__tp_8_patches.npy
2829,282,7.231797106013181,./data_starmen/images_patch/Starman__subject_s282__tp_9_patches.npy
2830,283,-4.238004168281703,./data_starmen/images_patch/Starman__subject_s283__tp_0_patches.npy
2831,283,-3.225886605684849,./data_starmen/images_patch/Starman__subject_s283__tp_1_patches.npy
2832,283,-2.2137690430879946,./data_starmen/images_patch/Starman__subject_s283__tp_2_patches.npy
2833,283,-1.2016514804911402,./data_starmen/images_patch/Starman__subject_s283__tp_3_patches.npy
2834,283,-0.1895339178942858,./data_starmen/images_patch/Starman__subject_s283__tp_4_patches.npy
2835,283,0.8225836447025685,./data_starmen/images_patch/Starman__subject_s283__tp_5_patches.npy
2836,283,1.8347012072994229,./data_starmen/images_patch/Starman__subject_s283__tp_6_patches.npy
2837,283,2.846818769896277,./data_starmen/images_patch/Starman__subject_s283__tp_7_patches.npy
2838,283,3.858936332493132,./data_starmen/images_patch/Starman__subject_s283__tp_8_patches.npy
2839,283,4.871053895089986,./data_starmen/images_patch/Starman__subject_s283__tp_9_patches.npy
2840,284,-2.117414712941806,./data_starmen/images_patch/Starman__subject_s284__tp_0_patches.npy
2841,284,-1.0348685387708263,./data_starmen/images_patch/Starman__subject_s284__tp_1_patches.npy
2842,284,0.0476776354001535,./data_starmen/images_patch/Starman__subject_s284__tp_2_patches.npy
2843,284,1.1302238095711337,./data_starmen/images_patch/Starman__subject_s284__tp_3_patches.npy
2844,284,2.2127699837421133,./data_starmen/images_patch/Starman__subject_s284__tp_4_patches.npy
2845,284,3.295316157913093,./data_starmen/images_patch/Starman__subject_s284__tp_5_patches.npy
2846,284,4.3778623320840735,./data_starmen/images_patch/Starman__subject_s284__tp_6_patches.npy
2847,284,5.460408506255053,./data_starmen/images_patch/Starman__subject_s284__tp_7_patches.npy
2848,284,6.542954680426033,./data_starmen/images_patch/Starman__subject_s284__tp_8_patches.npy
2849,284,7.625500854597013,./data_starmen/images_patch/Starman__subject_s284__tp_9_patches.npy
2850,285,-2.7638192049659707,./data_starmen/images_patch/Starman__subject_s285__tp_0_patches.npy
2851,285,-1.7860736496054948,./data_starmen/images_patch/Starman__subject_s285__tp_1_patches.npy
2852,285,-0.8083280942450188,./data_starmen/images_patch/Starman__subject_s285__tp_2_patches.npy
2853,285,0.169417461115457,./data_starmen/images_patch/Starman__subject_s285__tp_3_patches.npy
2854,285,1.147163016475933,./data_starmen/images_patch/Starman__subject_s285__tp_4_patches.npy
2855,285,2.1249085718364094,./data_starmen/images_patch/Starman__subject_s285__tp_5_patches.npy
2856,285,3.102654127196885,./data_starmen/images_patch/Starman__subject_s285__tp_6_patches.npy
2857,285,4.08039968255736,./data_starmen/images_patch/Starman__subject_s285__tp_7_patches.npy
2858,285,5.058145237917836,./data_starmen/images_patch/Starman__subject_s285__tp_8_patches.npy
2859,285,6.035890793278313,./data_starmen/images_patch/Starman__subject_s285__tp_9_patches.npy
2860,286,-5.004361846582823,./data_starmen/images_patch/Starman__subject_s286__tp_0_patches.npy
2861,286,-4.06315518028595,./data_starmen/images_patch/Starman__subject_s286__tp_1_patches.npy
2862,286,-3.1219485139890777,./data_starmen/images_patch/Starman__subject_s286__tp_2_patches.npy
2863,286,-2.180741847692205,./data_starmen/images_patch/Starman__subject_s286__tp_3_patches.npy
2864,286,-1.2395351813953326,./data_starmen/images_patch/Starman__subject_s286__tp_4_patches.npy
2865,286,-0.2983285150984596,./data_starmen/images_patch/Starman__subject_s286__tp_5_patches.npy
2866,286,0.6428781511984125,./data_starmen/images_patch/Starman__subject_s286__tp_6_patches.npy
2867,286,1.5840848174952846,./data_starmen/images_patch/Starman__subject_s286__tp_7_patches.npy
2868,286,2.5252914837921576,./data_starmen/images_patch/Starman__subject_s286__tp_8_patches.npy
2869,286,3.4664981500890306,./data_starmen/images_patch/Starman__subject_s286__tp_9_patches.npy
2870,287,-4.510797972849296,./data_starmen/images_patch/Starman__subject_s287__tp_0_patches.npy
2871,287,-3.4677761235883797,./data_starmen/images_patch/Starman__subject_s287__tp_1_patches.npy
2872,287,-2.4247542743274635,./data_starmen/images_patch/Starman__subject_s287__tp_2_patches.npy
2873,287,-1.3817324250665477,./data_starmen/images_patch/Starman__subject_s287__tp_3_patches.npy
2874,287,-0.3387105758056314,./data_starmen/images_patch/Starman__subject_s287__tp_4_patches.npy
2875,287,0.7043112734552848,./data_starmen/images_patch/Starman__subject_s287__tp_5_patches.npy
2876,287,1.7473331227162,./data_starmen/images_patch/Starman__subject_s287__tp_6_patches.npy
2877,287,2.7903549719771163,./data_starmen/images_patch/Starman__subject_s287__tp_7_patches.npy
2878,287,3.8333768212380326,./data_starmen/images_patch/Starman__subject_s287__tp_8_patches.npy
2879,287,4.876398670498948,./data_starmen/images_patch/Starman__subject_s287__tp_9_patches.npy
2880,288,-3.838838788744374,./data_starmen/images_patch/Starman__subject_s288__tp_0_patches.npy
2881,288,-2.645780550123643,./data_starmen/images_patch/Starman__subject_s288__tp_1_patches.npy
2882,288,-1.4527223115029124,./data_starmen/images_patch/Starman__subject_s288__tp_2_patches.npy
2883,288,-0.2596640728821819,./data_starmen/images_patch/Starman__subject_s288__tp_3_patches.npy
2884,288,0.9333941657385488,./data_starmen/images_patch/Starman__subject_s288__tp_4_patches.npy
2885,288,2.12645240435928,./data_starmen/images_patch/Starman__subject_s288__tp_5_patches.npy
2886,288,3.31951064298001,./data_starmen/images_patch/Starman__subject_s288__tp_6_patches.npy
2887,288,4.512568881600741,./data_starmen/images_patch/Starman__subject_s288__tp_7_patches.npy
2888,288,5.705627120221472,./data_starmen/images_patch/Starman__subject_s288__tp_8_patches.npy
2889,288,6.898685358842203,./data_starmen/images_patch/Starman__subject_s288__tp_9_patches.npy
2900,290,-4.73672500797786,./data_starmen/images_patch/Starman__subject_s290__tp_0_patches.npy
2901,290,-3.7199225710950703,./data_starmen/images_patch/Starman__subject_s290__tp_1_patches.npy
2902,290,-2.7031201342122806,./data_starmen/images_patch/Starman__subject_s290__tp_2_patches.npy
2903,290,-1.6863176973294909,./data_starmen/images_patch/Starman__subject_s290__tp_3_patches.npy
2904,290,-0.6695152604467012,./data_starmen/images_patch/Starman__subject_s290__tp_4_patches.npy
2905,290,0.3472871764360885,./data_starmen/images_patch/Starman__subject_s290__tp_5_patches.npy
2906,290,1.3640896133188782,./data_starmen/images_patch/Starman__subject_s290__tp_6_patches.npy
2907,290,2.380892050201668,./data_starmen/images_patch/Starman__subject_s290__tp_7_patches.npy
2908,290,3.3976944870844576,./data_starmen/images_patch/Starman__subject_s290__tp_8_patches.npy
2909,290,4.414496923967247,./data_starmen/images_patch/Starman__subject_s290__tp_9_patches.npy
2910,291,-9.037054801926908,./data_starmen/images_patch/Starman__subject_s291__tp_0_patches.npy
2911,291,-7.74634869646213,./data_starmen/images_patch/Starman__subject_s291__tp_1_patches.npy
2912,291,-6.455642590997352,./data_starmen/images_patch/Starman__subject_s291__tp_2_patches.npy
2913,291,-5.164936485532572,./data_starmen/images_patch/Starman__subject_s291__tp_3_patches.npy
2914,291,-3.874230380067794,./data_starmen/images_patch/Starman__subject_s291__tp_4_patches.npy
2915,291,-2.583524274603016,./data_starmen/images_patch/Starman__subject_s291__tp_5_patches.npy
2916,291,-1.2928181691382363,./data_starmen/images_patch/Starman__subject_s291__tp_6_patches.npy
2917,291,-0.0021120636734579,./data_starmen/images_patch/Starman__subject_s291__tp_7_patches.npy
2918,291,1.2885940417913204,./data_starmen/images_patch/Starman__subject_s291__tp_8_patches.npy
2919,291,2.579300147256099,./data_starmen/images_patch/Starman__subject_s291__tp_9_patches.npy
2930,293,-3.473397901482226,./data_starmen/images_patch/Starman__subject_s293__tp_0_patches.npy
2931,293,-2.5322243416292225,./data_starmen/images_patch/Starman__subject_s293__tp_1_patches.npy
2932,293,-1.5910507817762192,./data_starmen/images_patch/Starman__subject_s293__tp_2_patches.npy
2933,293,-0.6498772219232158,./data_starmen/images_patch/Starman__subject_s293__tp_3_patches.npy
2934,293,0.2912963379297877,./data_starmen/images_patch/Starman__subject_s293__tp_4_patches.npy
2935,293,1.2324698977827913,./data_starmen/images_patch/Starman__subject_s293__tp_5_patches.npy
2936,293,2.1736434576357944,./data_starmen/images_patch/Starman__subject_s293__tp_6_patches.npy
2937,293,3.1148170174887984,./data_starmen/images_patch/Starman__subject_s293__tp_7_patches.npy
2938,293,4.0559905773418015,./data_starmen/images_patch/Starman__subject_s293__tp_8_patches.npy
2939,293,4.997164137194805,./data_starmen/images_patch/Starman__subject_s293__tp_9_patches.npy
2950,295,-3.174270532248089,./data_starmen/images_patch/Starman__subject_s295__tp_0_patches.npy
2951,295,-2.058555691201485,./data_starmen/images_patch/Starman__subject_s295__tp_1_patches.npy
2952,295,-0.9428408501548806,./data_starmen/images_patch/Starman__subject_s295__tp_2_patches.npy
2953,295,0.1728739908917238,./data_starmen/images_patch/Starman__subject_s295__tp_3_patches.npy
2954,295,1.2885888319383283,./data_starmen/images_patch/Starman__subject_s295__tp_4_patches.npy
2955,295,2.4043036729849327,./data_starmen/images_patch/Starman__subject_s295__tp_5_patches.npy
2956,295,3.520018514031537,./data_starmen/images_patch/Starman__subject_s295__tp_6_patches.npy
2957,295,4.635733355078141,./data_starmen/images_patch/Starman__subject_s295__tp_7_patches.npy
2958,295,5.751448196124747,./data_starmen/images_patch/Starman__subject_s295__tp_8_patches.npy
2959,295,6.86716303717135,./data_starmen/images_patch/Starman__subject_s295__tp_9_patches.npy
2970,297,-6.9596576695452494,./data_starmen/images_patch/Starman__subject_s297__tp_0_patches.npy
2971,297,-5.808299388080741,./data_starmen/images_patch/Starman__subject_s297__tp_1_patches.npy
2972,297,-4.656941106616232,./data_starmen/images_patch/Starman__subject_s297__tp_2_patches.npy
2973,297,-3.505582825151724,./data_starmen/images_patch/Starman__subject_s297__tp_3_patches.npy
2974,297,-2.3542245436872147,./data_starmen/images_patch/Starman__subject_s297__tp_4_patches.npy
2975,297,-1.202866262222706,./data_starmen/images_patch/Starman__subject_s297__tp_5_patches.npy
2976,297,-0.0515079807581972,./data_starmen/images_patch/Starman__subject_s297__tp_6_patches.npy
2977,297,1.0998503007063114,./data_starmen/images_patch/Starman__subject_s297__tp_7_patches.npy
2978,297,2.25120858217082,./data_starmen/images_patch/Starman__subject_s297__tp_8_patches.npy
2979,297,3.402566863635329,./data_starmen/images_patch/Starman__subject_s297__tp_9_patches.npy
3000,300,-4.909386625829261,./data_starmen/images_patch/Starman__subject_s300__tp_0_patches.npy
3001,300,-3.597499908333291,./data_starmen/images_patch/Starman__subject_s300__tp_1_patches.npy
3002,300,-2.2856131908373207,./data_starmen/images_patch/Starman__subject_s300__tp_2_patches.npy
3003,300,-0.9737264733413508,./data_starmen/images_patch/Starman__subject_s300__tp_3_patches.npy
3004,300,0.3381602441546194,./data_starmen/images_patch/Starman__subject_s300__tp_4_patches.npy
3005,300,1.650046961650589,./data_starmen/images_patch/Starman__subject_s300__tp_5_patches.npy
3006,300,2.96193367914656,./data_starmen/images_patch/Starman__subject_s300__tp_6_patches.npy
3007,300,4.27382039664253,./data_starmen/images_patch/Starman__subject_s300__tp_7_patches.npy
3008,300,5.5857071141385,./data_starmen/images_patch/Starman__subject_s300__tp_8_patches.npy
3009,300,6.897593831634469,./data_starmen/images_patch/Starman__subject_s300__tp_9_patches.npy
3010,301,-0.4624766715456219,./data_starmen/images_patch/Starman__subject_s301__tp_0_patches.npy
3011,301,0.4998020675891071,./data_starmen/images_patch/Starman__subject_s301__tp_1_patches.npy
3012,301,1.4620808067238362,./data_starmen/images_patch/Starman__subject_s301__tp_2_patches.npy
3013,301,2.4243595458585654,./data_starmen/images_patch/Starman__subject_s301__tp_3_patches.npy
3014,301,3.3866382849932943,./data_starmen/images_patch/Starman__subject_s301__tp_4_patches.npy
3015,301,4.348917024128024,./data_starmen/images_patch/Starman__subject_s301__tp_5_patches.npy
3016,301,5.311195763262752,./data_starmen/images_patch/Starman__subject_s301__tp_6_patches.npy
3017,301,6.273474502397482,./data_starmen/images_patch/Starman__subject_s301__tp_7_patches.npy
3018,301,7.23575324153221,./data_starmen/images_patch/Starman__subject_s301__tp_8_patches.npy
3019,301,8.19803198066694,./data_starmen/images_patch/Starman__subject_s301__tp_9_patches.npy
3020,302,-6.074828352152374,./data_starmen/images_patch/Starman__subject_s302__tp_0_patches.npy
3021,302,-4.723988720466297,./data_starmen/images_patch/Starman__subject_s302__tp_1_patches.npy
3022,302,-3.37314908878022,./data_starmen/images_patch/Starman__subject_s302__tp_2_patches.npy
3023,302,-2.022309457094143,./data_starmen/images_patch/Starman__subject_s302__tp_3_patches.npy
3024,302,-0.6714698254080655,./data_starmen/images_patch/Starman__subject_s302__tp_4_patches.npy
3025,302,0.6793698062780118,./data_starmen/images_patch/Starman__subject_s302__tp_5_patches.npy
3026,302,2.0302094379640883,./data_starmen/images_patch/Starman__subject_s302__tp_6_patches.npy
3027,302,3.3810490696501665,./data_starmen/images_patch/Starman__subject_s302__tp_7_patches.npy
3028,302,4.731888701336243,./data_starmen/images_patch/Starman__subject_s302__tp_8_patches.npy
3029,302,6.082728333022319,./data_starmen/images_patch/Starman__subject_s302__tp_9_patches.npy
3030,303,-1.8564942376012024,./data_starmen/images_patch/Starman__subject_s303__tp_0_patches.npy
3031,303,-0.8804972545427439,./data_starmen/images_patch/Starman__subject_s303__tp_1_patches.npy
3032,303,0.0954997285157146,./data_starmen/images_patch/Starman__subject_s303__tp_2_patches.npy
3033,303,1.0714967115741731,./data_starmen/images_patch/Starman__subject_s303__tp_3_patches.npy
3034,303,2.047493694632632,./data_starmen/images_patch/Starman__subject_s303__tp_4_patches.npy
3035,303,3.0234906776910897,./data_starmen/images_patch/Starman__subject_s303__tp_5_patches.npy
3036,303,3.9994876607495486,./data_starmen/images_patch/Starman__subject_s303__tp_6_patches.npy
3037,303,4.975484643808008,./data_starmen/images_patch/Starman__subject_s303__tp_7_patches.npy
3038,303,5.951481626866466,./data_starmen/images_patch/Starman__subject_s303__tp_8_patches.npy
3039,303,6.927478609924924,./data_starmen/images_patch/Starman__subject_s303__tp_9_patches.npy
3040,304,-4.484449969864985,./data_starmen/images_patch/Starman__subject_s304__tp_0_patches.npy
3041,304,-3.3352496372776184,./data_starmen/images_patch/Starman__subject_s304__tp_1_patches.npy
3042,304,-2.1860493046902514,./data_starmen/images_patch/Starman__subject_s304__tp_2_patches.npy
3043,304,-1.0368489721028844,./data_starmen/images_patch/Starman__subject_s304__tp_3_patches.npy
3044,304,0.1123513604844825,./data_starmen/images_patch/Starman__subject_s304__tp_4_patches.npy
3045,304,1.2615516930718496,./data_starmen/images_patch/Starman__subject_s304__tp_5_patches.npy
3046,304,2.4107520256592165,./data_starmen/images_patch/Starman__subject_s304__tp_6_patches.npy
3047,304,3.5599523582465844,./data_starmen/images_patch/Starman__subject_s304__tp_7_patches.npy
3048,304,4.709152690833951,./data_starmen/images_patch/Starman__subject_s304__tp_8_patches.npy
3049,304,5.858353023421317,./data_starmen/images_patch/Starman__subject_s304__tp_9_patches.npy
3050,305,-6.598938479253489,./data_starmen/images_patch/Starman__subject_s305__tp_0_patches.npy
3051,305,-5.516508860270725,./data_starmen/images_patch/Starman__subject_s305__tp_1_patches.npy
3052,305,-4.434079241287961,./data_starmen/images_patch/Starman__subject_s305__tp_2_patches.npy
3053,305,-3.3516496223051977,./data_starmen/images_patch/Starman__subject_s305__tp_3_patches.npy
3054,305,-2.2692200033224337,./data_starmen/images_patch/Starman__subject_s305__tp_4_patches.npy
3055,305,-1.1867903843396697,./data_starmen/images_patch/Starman__subject_s305__tp_5_patches.npy
3056,305,-0.1043607653569065,./data_starmen/images_patch/Starman__subject_s305__tp_6_patches.npy
3057,305,0.9780688536258576,./data_starmen/images_patch/Starman__subject_s305__tp_7_patches.npy
3058,305,2.060498472608621,./data_starmen/images_patch/Starman__subject_s305__tp_8_patches.npy
3059,305,3.1429280915913846,./data_starmen/images_patch/Starman__subject_s305__tp_9_patches.npy
3060,306,-5.837762896137362,./data_starmen/images_patch/Starman__subject_s306__tp_0_patches.npy
3061,306,-4.845638273572449,./data_starmen/images_patch/Starman__subject_s306__tp_1_patches.npy
3062,306,-3.853513651007536,./data_starmen/images_patch/Starman__subject_s306__tp_2_patches.npy
3063,306,-2.861389028442622,./data_starmen/images_patch/Starman__subject_s306__tp_3_patches.npy
3064,306,-1.8692644058777088,./data_starmen/images_patch/Starman__subject_s306__tp_4_patches.npy
3065,306,-0.8771397833127947,./data_starmen/images_patch/Starman__subject_s306__tp_5_patches.npy
3066,306,0.1149848392521182,./data_starmen/images_patch/Starman__subject_s306__tp_6_patches.npy
3067,306,1.1071094618170312,./data_starmen/images_patch/Starman__subject_s306__tp_7_patches.npy
3068,306,2.099234084381945,./data_starmen/images_patch/Starman__subject_s306__tp_8_patches.npy
3069,306,3.091358706946859,./data_starmen/images_patch/Starman__subject_s306__tp_9_patches.npy
3080,308,-6.837233902152408,./data_starmen/images_patch/Starman__subject_s308__tp_0_patches.npy
3081,308,-5.864442416328515,./data_starmen/images_patch/Starman__subject_s308__tp_1_patches.npy
3082,308,-4.891650930504621,./data_starmen/images_patch/Starman__subject_s308__tp_2_patches.npy
3083,308,-3.918859444680728,./data_starmen/images_patch/Starman__subject_s308__tp_3_patches.npy
3084,308,-2.946067958856834,./data_starmen/images_patch/Starman__subject_s308__tp_4_patches.npy
3085,308,-1.97327647303294,./data_starmen/images_patch/Starman__subject_s308__tp_5_patches.npy
3086,308,-1.000484987209047,./data_starmen/images_patch/Starman__subject_s308__tp_6_patches.npy
3087,308,-0.027693501385154,./data_starmen/images_patch/Starman__subject_s308__tp_7_patches.npy
3088,308,0.94509798443874,./data_starmen/images_patch/Starman__subject_s308__tp_8_patches.npy
3089,308,1.917889470262634,./data_starmen/images_patch/Starman__subject_s308__tp_9_patches.npy
3110,311,-5.910207292144231,./data_starmen/images_patch/Starman__subject_s311__tp_0_patches.npy
3111,311,-4.950364801304641,./data_starmen/images_patch/Starman__subject_s311__tp_1_patches.npy
3112,311,-3.9905223104650496,./data_starmen/images_patch/Starman__subject_s311__tp_2_patches.npy
3113,311,-3.0306798196254587,./data_starmen/images_patch/Starman__subject_s311__tp_3_patches.npy
3114,311,-2.070837328785868,./data_starmen/images_patch/Starman__subject_s311__tp_4_patches.npy
3115,311,-1.1109948379462766,./data_starmen/images_patch/Starman__subject_s311__tp_5_patches.npy
3116,311,-0.1511523471066862,./data_starmen/images_patch/Starman__subject_s311__tp_6_patches.npy
3117,311,0.8086901437329042,./data_starmen/images_patch/Starman__subject_s311__tp_7_patches.npy
3118,311,1.7685326345724954,./data_starmen/images_patch/Starman__subject_s311__tp_8_patches.npy
3119,311,2.7283751254120867,./data_starmen/images_patch/Starman__subject_s311__tp_9_patches.npy
3130,313,-5.160723970346476,./data_starmen/images_patch/Starman__subject_s313__tp_0_patches.npy
3131,313,-4.127518687153232,./data_starmen/images_patch/Starman__subject_s313__tp_1_patches.npy
3132,313,-3.094313403959987,./data_starmen/images_patch/Starman__subject_s313__tp_2_patches.npy
3133,313,-2.0611081207667423,./data_starmen/images_patch/Starman__subject_s313__tp_3_patches.npy
3134,313,-1.0279028375734978,./data_starmen/images_patch/Starman__subject_s313__tp_4_patches.npy
3135,313,0.0053024456197467,./data_starmen/images_patch/Starman__subject_s313__tp_5_patches.npy
3136,313,1.0385077288129914,./data_starmen/images_patch/Starman__subject_s313__tp_6_patches.npy
3137,313,2.071713012006236,./data_starmen/images_patch/Starman__subject_s313__tp_7_patches.npy
3138,313,3.1049182951994805,./data_starmen/images_patch/Starman__subject_s313__tp_8_patches.npy
3139,313,4.138123578392724,./data_starmen/images_patch/Starman__subject_s313__tp_9_patches.npy
3150,315,-3.5067136414432034,./data_starmen/images_patch/Starman__subject_s315__tp_0_patches.npy
3151,315,-2.209827779630069,./data_starmen/images_patch/Starman__subject_s315__tp_1_patches.npy
3152,315,-0.9129419178169348,./data_starmen/images_patch/Starman__subject_s315__tp_2_patches.npy
3153,315,0.3839439439961993,./data_starmen/images_patch/Starman__subject_s315__tp_3_patches.npy
3154,315,1.6808298058093336,./data_starmen/images_patch/Starman__subject_s315__tp_4_patches.npy
3155,315,2.977715667622468,./data_starmen/images_patch/Starman__subject_s315__tp_5_patches.npy
3156,315,4.274601529435602,./data_starmen/images_patch/Starman__subject_s315__tp_6_patches.npy
3157,315,5.571487391248736,./data_starmen/images_patch/Starman__subject_s315__tp_7_patches.npy
3158,315,6.86837325306187,./data_starmen/images_patch/Starman__subject_s315__tp_8_patches.npy
3159,315,8.165259114875004,./data_starmen/images_patch/Starman__subject_s315__tp_9_patches.npy
3160,316,-5.456027975378538,./data_starmen/images_patch/Starman__subject_s316__tp_0_patches.npy
3161,316,-4.133704940214047,./data_starmen/images_patch/Starman__subject_s316__tp_1_patches.npy
3162,316,-2.811381905049556,./data_starmen/images_patch/Starman__subject_s316__tp_2_patches.npy
3163,316,-1.4890588698850653,./data_starmen/images_patch/Starman__subject_s316__tp_3_patches.npy
3164,316,-0.1667358347205745,./data_starmen/images_patch/Starman__subject_s316__tp_4_patches.npy
3165,316,1.1555872004439165,./data_starmen/images_patch/Starman__subject_s316__tp_5_patches.npy
3166,316,2.477910235608407,./data_starmen/images_patch/Starman__subject_s316__tp_6_patches.npy
3167,316,3.800233270772898,./data_starmen/images_patch/Starman__subject_s316__tp_7_patches.npy
3168,316,5.122556305937389,./data_starmen/images_patch/Starman__subject_s316__tp_8_patches.npy
3169,316,6.444879341101879,./data_starmen/images_patch/Starman__subject_s316__tp_9_patches.npy
3170,317,-7.334835708972029,./data_starmen/images_patch/Starman__subject_s317__tp_0_patches.npy
3171,317,-6.230453246154334,./data_starmen/images_patch/Starman__subject_s317__tp_1_patches.npy
3172,317,-5.126070783336639,./data_starmen/images_patch/Starman__subject_s317__tp_2_patches.npy
3173,317,-4.021688320518944,./data_starmen/images_patch/Starman__subject_s317__tp_3_patches.npy
3174,317,-2.9173058577012485,./data_starmen/images_patch/Starman__subject_s317__tp_4_patches.npy
3175,317,-1.812923394883553,./data_starmen/images_patch/Starman__subject_s317__tp_5_patches.npy
3176,317,-0.7085409320658584,./data_starmen/images_patch/Starman__subject_s317__tp_6_patches.npy
3177,317,0.395841530751837,./data_starmen/images_patch/Starman__subject_s317__tp_7_patches.npy
3178,317,1.5002239935695325,./data_starmen/images_patch/Starman__subject_s317__tp_8_patches.npy
3179,317,2.604606456387227,./data_starmen/images_patch/Starman__subject_s317__tp_9_patches.npy
3200,320,-7.030567091673628,./data_starmen/images_patch/Starman__subject_s320__tp_0_patches.npy
3201,320,-6.073723809765691,./data_starmen/images_patch/Starman__subject_s320__tp_1_patches.npy
3202,320,-5.116880527857754,./data_starmen/images_patch/Starman__subject_s320__tp_2_patches.npy
3203,320,-4.160037245949816,./data_starmen/images_patch/Starman__subject_s320__tp_3_patches.npy
3204,320,-3.2031939640418794,./data_starmen/images_patch/Starman__subject_s320__tp_4_patches.npy
3205,320,-2.246350682133942,./data_starmen/images_patch/Starman__subject_s320__tp_5_patches.npy
3206,320,-1.2895074002260047,./data_starmen/images_patch/Starman__subject_s320__tp_6_patches.npy
3207,320,-0.3326641183180676,./data_starmen/images_patch/Starman__subject_s320__tp_7_patches.npy
3208,320,0.6241791635898695,./data_starmen/images_patch/Starman__subject_s320__tp_8_patches.npy
3209,320,1.5810224454978066,./data_starmen/images_patch/Starman__subject_s320__tp_9_patches.npy
3220,322,-7.577314037362294,./data_starmen/images_patch/Starman__subject_s322__tp_0_patches.npy
3221,322,-6.381483994610857,./data_starmen/images_patch/Starman__subject_s322__tp_1_patches.npy
3222,322,-5.18565395185942,./data_starmen/images_patch/Starman__subject_s322__tp_2_patches.npy
3223,322,-3.989823909107984,./data_starmen/images_patch/Starman__subject_s322__tp_3_patches.npy
3224,322,-2.793993866356547,./data_starmen/images_patch/Starman__subject_s322__tp_4_patches.npy
3225,322,-1.59816382360511,./data_starmen/images_patch/Starman__subject_s322__tp_5_patches.npy
3226,322,-0.4023337808536738,./data_starmen/images_patch/Starman__subject_s322__tp_6_patches.npy
3227,322,0.7934962618977632,./data_starmen/images_patch/Starman__subject_s322__tp_7_patches.npy
3228,322,1.9893263046492,./data_starmen/images_patch/Starman__subject_s322__tp_8_patches.npy
3229,322,3.185156347400637,./data_starmen/images_patch/Starman__subject_s322__tp_9_patches.npy
3230,323,-3.75841933112604,./data_starmen/images_patch/Starman__subject_s323__tp_0_patches.npy
3231,323,-2.45602552676358,./data_starmen/images_patch/Starman__subject_s323__tp_1_patches.npy
3232,323,-1.1536317224011192,./data_starmen/images_patch/Starman__subject_s323__tp_2_patches.npy
3233,323,0.1487620819613413,./data_starmen/images_patch/Starman__subject_s323__tp_3_patches.npy
3234,323,1.451155886323802,./data_starmen/images_patch/Starman__subject_s323__tp_4_patches.npy
3235,323,2.7535496906862624,./data_starmen/images_patch/Starman__subject_s323__tp_5_patches.npy
3236,323,4.055943495048723,./data_starmen/images_patch/Starman__subject_s323__tp_6_patches.npy
3237,323,5.358337299411184,./data_starmen/images_patch/Starman__subject_s323__tp_7_patches.npy
3238,323,6.660731103773644,./data_starmen/images_patch/Starman__subject_s323__tp_8_patches.npy
3239,323,7.963124908136104,./data_starmen/images_patch/Starman__subject_s323__tp_9_patches.npy
3240,324,-5.0366392358759,./data_starmen/images_patch/Starman__subject_s324__tp_0_patches.npy
3241,324,-4.013876925394518,./data_starmen/images_patch/Starman__subject_s324__tp_1_patches.npy
3242,324,-2.9911146149131365,./data_starmen/images_patch/Starman__subject_s324__tp_2_patches.npy
3243,324,-1.9683523044317548,./data_starmen/images_patch/Starman__subject_s324__tp_3_patches.npy
3244,324,-0.9455899939503728,./data_starmen/images_patch/Starman__subject_s324__tp_4_patches.npy
3245,324,0.0771723165310094,./data_starmen/images_patch/Starman__subject_s324__tp_5_patches.npy
3246,324,1.0999346270123906,./data_starmen/images_patch/Starman__subject_s324__tp_6_patches.npy
3247,324,2.1226969374937728,./data_starmen/images_patch/Starman__subject_s324__tp_7_patches.npy
3248,324,3.145459247975155,./data_starmen/images_patch/Starman__subject_s324__tp_8_patches.npy
3249,324,4.168221558456536,./data_starmen/images_patch/Starman__subject_s324__tp_9_patches.npy
3250,325,-5.994613325881689,./data_starmen/images_patch/Starman__subject_s325__tp_0_patches.npy
3251,325,-5.058287451388805,./data_starmen/images_patch/Starman__subject_s325__tp_1_patches.npy
3252,325,-4.121961576895922,./data_starmen/images_patch/Starman__subject_s325__tp_2_patches.npy
3253,325,-3.1856357024030397,./data_starmen/images_patch/Starman__subject_s325__tp_3_patches.npy
3254,325,-2.249309827910156,./data_starmen/images_patch/Starman__subject_s325__tp_4_patches.npy
3255,325,-1.3129839534172725,./data_starmen/images_patch/Starman__subject_s325__tp_5_patches.npy
3256,325,-0.3766580789243896,./data_starmen/images_patch/Starman__subject_s325__tp_6_patches.npy
3257,325,0.5596677955684939,./data_starmen/images_patch/Starman__subject_s325__tp_7_patches.npy
3258,325,1.4959936700613774,./data_starmen/images_patch/Starman__subject_s325__tp_8_patches.npy
3259,325,2.432319544554261,./data_starmen/images_patch/Starman__subject_s325__tp_9_patches.npy
3260,326,-3.2460377227632837,./data_starmen/images_patch/Starman__subject_s326__tp_0_patches.npy
3261,326,-2.2780240869949657,./data_starmen/images_patch/Starman__subject_s326__tp_1_patches.npy
3262,326,-1.3100104512266482,./data_starmen/images_patch/Starman__subject_s326__tp_2_patches.npy
3263,326,-0.3419968154583306,./data_starmen/images_patch/Starman__subject_s326__tp_3_patches.npy
3264,326,0.626016820309987,./data_starmen/images_patch/Starman__subject_s326__tp_4_patches.npy
3265,326,1.594030456078304,./data_starmen/images_patch/Starman__subject_s326__tp_5_patches.npy
3266,326,2.562044091846622,./data_starmen/images_patch/Starman__subject_s326__tp_6_patches.npy
3267,326,3.53005772761494,./data_starmen/images_patch/Starman__subject_s326__tp_7_patches.npy
3268,326,4.498071363383257,./data_starmen/images_patch/Starman__subject_s326__tp_8_patches.npy
3269,326,5.466084999151574,./data_starmen/images_patch/Starman__subject_s326__tp_9_patches.npy
3290,329,-4.440645083281629,./data_starmen/images_patch/Starman__subject_s329__tp_0_patches.npy
3291,329,-3.463012447807861,./data_starmen/images_patch/Starman__subject_s329__tp_1_patches.npy
3292,329,-2.485379812334094,./data_starmen/images_patch/Starman__subject_s329__tp_2_patches.npy
3293,329,-1.507747176860327,./data_starmen/images_patch/Starman__subject_s329__tp_3_patches.npy
3294,329,-0.5301145413865598,./data_starmen/images_patch/Starman__subject_s329__tp_4_patches.npy
3295,329,0.4475180940872079,./data_starmen/images_patch/Starman__subject_s329__tp_5_patches.npy
3296,329,1.4251507295609749,./data_starmen/images_patch/Starman__subject_s329__tp_6_patches.npy
3297,329,2.402783365034741,./data_starmen/images_patch/Starman__subject_s329__tp_7_patches.npy
3298,329,3.380416000508509,./data_starmen/images_patch/Starman__subject_s329__tp_8_patches.npy
3299,329,4.358048635982277,./data_starmen/images_patch/Starman__subject_s329__tp_9_patches.npy
3300,330,-7.712228329661471,./data_starmen/images_patch/Starman__subject_s330__tp_0_patches.npy
3301,330,-6.56892183808294,./data_starmen/images_patch/Starman__subject_s330__tp_1_patches.npy
3302,330,-5.425615346504409,./data_starmen/images_patch/Starman__subject_s330__tp_2_patches.npy
3303,330,-4.282308854925878,./data_starmen/images_patch/Starman__subject_s330__tp_3_patches.npy
3304,330,-3.1390023633473465,./data_starmen/images_patch/Starman__subject_s330__tp_4_patches.npy
3305,330,-1.995695871768815,./data_starmen/images_patch/Starman__subject_s330__tp_5_patches.npy
3306,330,-0.8523893801902842,./data_starmen/images_patch/Starman__subject_s330__tp_6_patches.npy
3307,330,0.2909171113882465,./data_starmen/images_patch/Starman__subject_s330__tp_7_patches.npy
3308,330,1.434223602966778,./data_starmen/images_patch/Starman__subject_s330__tp_8_patches.npy
3309,330,2.5775300945453097,./data_starmen/images_patch/Starman__subject_s330__tp_9_patches.npy
3310,331,-6.00892004206904,./data_starmen/images_patch/Starman__subject_s331__tp_0_patches.npy
3311,331,-5.109033784679626,./data_starmen/images_patch/Starman__subject_s331__tp_1_patches.npy
3312,331,-4.209147527290214,./data_starmen/images_patch/Starman__subject_s331__tp_2_patches.npy
3313,331,-3.309261269900801,./data_starmen/images_patch/Starman__subject_s331__tp_3_patches.npy
3314,331,-2.409375012511388,./data_starmen/images_patch/Starman__subject_s331__tp_4_patches.npy
3315,331,-1.509488755121975,./data_starmen/images_patch/Starman__subject_s331__tp_5_patches.npy
3316,331,-0.6096024977325625,./data_starmen/images_patch/Starman__subject_s331__tp_6_patches.npy
3317,331,0.2902837596568499,./data_starmen/images_patch/Starman__subject_s331__tp_7_patches.npy
3318,331,1.1901700170462632,./data_starmen/images_patch/Starman__subject_s331__tp_8_patches.npy
3319,331,2.0900562744356765,./data_starmen/images_patch/Starman__subject_s331__tp_9_patches.npy
3330,333,-5.593482275921241,./data_starmen/images_patch/Starman__subject_s333__tp_0_patches.npy
3331,333,-4.565526318446383,./data_starmen/images_patch/Starman__subject_s333__tp_1_patches.npy
3332,333,-3.5375703609715248,./data_starmen/images_patch/Starman__subject_s333__tp_2_patches.npy
3333,333,-2.5096144034966663,./data_starmen/images_patch/Starman__subject_s333__tp_3_patches.npy
3334,333,-1.4816584460218083,./data_starmen/images_patch/Starman__subject_s333__tp_4_patches.npy
3335,333,-0.4537024885469503,./data_starmen/images_patch/Starman__subject_s333__tp_5_patches.npy
3336,333,0.5742534689279086,./data_starmen/images_patch/Starman__subject_s333__tp_6_patches.npy
3337,333,1.6022094264027666,./data_starmen/images_patch/Starman__subject_s333__tp_7_patches.npy
3338,333,2.6301653838776247,./data_starmen/images_patch/Starman__subject_s333__tp_8_patches.npy
3339,333,3.658121341352484,./data_starmen/images_patch/Starman__subject_s333__tp_9_patches.npy
3340,334,-2.6304618352907574,./data_starmen/images_patch/Starman__subject_s334__tp_0_patches.npy
3341,334,-1.4595271223708983,./data_starmen/images_patch/Starman__subject_s334__tp_1_patches.npy
3342,334,-0.2885924094510392,./data_starmen/images_patch/Starman__subject_s334__tp_2_patches.npy
3343,334,0.8823423034688198,./data_starmen/images_patch/Starman__subject_s334__tp_3_patches.npy
3344,334,2.053277016388679,./data_starmen/images_patch/Starman__subject_s334__tp_4_patches.npy
3345,334,3.224211729308538,./data_starmen/images_patch/Starman__subject_s334__tp_5_patches.npy
3346,334,4.395146442228397,./data_starmen/images_patch/Starman__subject_s334__tp_6_patches.npy
3347,334,5.566081155148256,./data_starmen/images_patch/Starman__subject_s334__tp_7_patches.npy
3348,334,6.737015868068115,./data_starmen/images_patch/Starman__subject_s334__tp_8_patches.npy
3349,334,7.907950580987974,./data_starmen/images_patch/Starman__subject_s334__tp_9_patches.npy
3350,335,-6.484650922461553,./data_starmen/images_patch/Starman__subject_s335__tp_0_patches.npy
3351,335,-5.230157441695088,./data_starmen/images_patch/Starman__subject_s335__tp_1_patches.npy
3352,335,-3.975663960928622,./data_starmen/images_patch/Starman__subject_s335__tp_2_patches.npy
3353,335,-2.721170480162157,./data_starmen/images_patch/Starman__subject_s335__tp_3_patches.npy
3354,335,-1.4666769993956912,./data_starmen/images_patch/Starman__subject_s335__tp_4_patches.npy
3355,335,-0.2121835186292262,./data_starmen/images_patch/Starman__subject_s335__tp_5_patches.npy
3356,335,1.0423099621372396,./data_starmen/images_patch/Starman__subject_s335__tp_6_patches.npy
3357,335,2.2968034429037054,./data_starmen/images_patch/Starman__subject_s335__tp_7_patches.npy
3358,335,3.5512969236701704,./data_starmen/images_patch/Starman__subject_s335__tp_8_patches.npy
3359,335,4.805790404436635,./data_starmen/images_patch/Starman__subject_s335__tp_9_patches.npy
3360,336,-3.6738287602355726,./data_starmen/images_patch/Starman__subject_s336__tp_0_patches.npy
3361,336,-2.719279465762593,./data_starmen/images_patch/Starman__subject_s336__tp_1_patches.npy
3362,336,-1.7647301712896142,./data_starmen/images_patch/Starman__subject_s336__tp_2_patches.npy
3363,336,-0.8101808768166352,./data_starmen/images_patch/Starman__subject_s336__tp_3_patches.npy
3364,336,0.1443684176563442,./data_starmen/images_patch/Starman__subject_s336__tp_4_patches.npy
3365,336,1.0989177121293237,./data_starmen/images_patch/Starman__subject_s336__tp_5_patches.npy
3366,336,2.053467006602302,./data_starmen/images_patch/Starman__subject_s336__tp_6_patches.npy
3367,336,3.0080163010752816,./data_starmen/images_patch/Starman__subject_s336__tp_7_patches.npy
3368,336,3.962565595548261,./data_starmen/images_patch/Starman__subject_s336__tp_8_patches.npy
3369,336,4.9171148900212405,./data_starmen/images_patch/Starman__subject_s336__tp_9_patches.npy
3370,337,-5.481805664191671,./data_starmen/images_patch/Starman__subject_s337__tp_0_patches.npy
3371,337,-4.459054028141268,./data_starmen/images_patch/Starman__subject_s337__tp_1_patches.npy
3372,337,-3.4363023920908646,./data_starmen/images_patch/Starman__subject_s337__tp_2_patches.npy
3373,337,-2.413550756040461,./data_starmen/images_patch/Starman__subject_s337__tp_3_patches.npy
3374,337,-1.3907991199900582,./data_starmen/images_patch/Starman__subject_s337__tp_4_patches.npy
3375,337,-0.3680474839396552,./data_starmen/images_patch/Starman__subject_s337__tp_5_patches.npy
3376,337,0.6547041521107486,./data_starmen/images_patch/Starman__subject_s337__tp_6_patches.npy
3377,337,1.6774557881611516,./data_starmen/images_patch/Starman__subject_s337__tp_7_patches.npy
3378,337,2.7002074242115546,./data_starmen/images_patch/Starman__subject_s337__tp_8_patches.npy
3379,337,3.7229590602619576,./data_starmen/images_patch/Starman__subject_s337__tp_9_patches.npy
3380,338,-8.804391809637139,./data_starmen/images_patch/Starman__subject_s338__tp_0_patches.npy
3381,338,-7.65295517944316,./data_starmen/images_patch/Starman__subject_s338__tp_1_patches.npy
3382,338,-6.501518549249182,./data_starmen/images_patch/Starman__subject_s338__tp_2_patches.npy
3383,338,-5.350081919055205,./data_starmen/images_patch/Starman__subject_s338__tp_3_patches.npy
3384,338,-4.1986452888612265,./data_starmen/images_patch/Starman__subject_s338__tp_4_patches.npy
3385,338,-3.047208658667248,./data_starmen/images_patch/Starman__subject_s338__tp_5_patches.npy
3386,338,-1.8957720284732709,./data_starmen/images_patch/Starman__subject_s338__tp_6_patches.npy
3387,338,-0.7443353982792917,./data_starmen/images_patch/Starman__subject_s338__tp_7_patches.npy
3388,338,0.4071012319146856,./data_starmen/images_patch/Starman__subject_s338__tp_8_patches.npy
3389,338,1.558537862108663,./data_starmen/images_patch/Starman__subject_s338__tp_9_patches.npy
3390,339,-5.319242901196464,./data_starmen/images_patch/Starman__subject_s339__tp_0_patches.npy
3391,339,-4.41937124394484,./data_starmen/images_patch/Starman__subject_s339__tp_1_patches.npy
3392,339,-3.5194995866932164,./data_starmen/images_patch/Starman__subject_s339__tp_2_patches.npy
3393,339,-2.619627929441592,./data_starmen/images_patch/Starman__subject_s339__tp_3_patches.npy
3394,339,-1.7197562721899682,./data_starmen/images_patch/Starman__subject_s339__tp_4_patches.npy
3395,339,-0.8198846149383439,./data_starmen/images_patch/Starman__subject_s339__tp_5_patches.npy
3396,339,0.07998704231328,./data_starmen/images_patch/Starman__subject_s339__tp_6_patches.npy
3397,339,0.979858699564904,./data_starmen/images_patch/Starman__subject_s339__tp_7_patches.npy
3398,339,1.879730356816528,./data_starmen/images_patch/Starman__subject_s339__tp_8_patches.npy
3399,339,2.779602014068152,./data_starmen/images_patch/Starman__subject_s339__tp_9_patches.npy
3400,340,-5.543224563982793,./data_starmen/images_patch/Starman__subject_s340__tp_0_patches.npy
3401,340,-4.361906919260668,./data_starmen/images_patch/Starman__subject_s340__tp_1_patches.npy
3402,340,-3.1805892745385425,./data_starmen/images_patch/Starman__subject_s340__tp_2_patches.npy
3403,340,-1.999271629816417,./data_starmen/images_patch/Starman__subject_s340__tp_3_patches.npy
3404,340,-0.8179539850942916,./data_starmen/images_patch/Starman__subject_s340__tp_4_patches.npy
3405,340,0.3633636596278338,./data_starmen/images_patch/Starman__subject_s340__tp_5_patches.npy
3406,340,1.5446813043499592,./data_starmen/images_patch/Starman__subject_s340__tp_6_patches.npy
3407,340,2.725998949072085,./data_starmen/images_patch/Starman__subject_s340__tp_7_patches.npy
3408,340,3.90731659379421,./data_starmen/images_patch/Starman__subject_s340__tp_8_patches.npy
3409,340,5.088634238516335,./data_starmen/images_patch/Starman__subject_s340__tp_9_patches.npy
3410,341,-5.008638026803887,./data_starmen/images_patch/Starman__subject_s341__tp_0_patches.npy
3411,341,-4.040563382531468,./data_starmen/images_patch/Starman__subject_s341__tp_1_patches.npy
3412,341,-3.0724887382590484,./data_starmen/images_patch/Starman__subject_s341__tp_2_patches.npy
3413,341,-2.10441409398663,./data_starmen/images_patch/Starman__subject_s341__tp_3_patches.npy
3414,341,-1.1363394497142107,./data_starmen/images_patch/Starman__subject_s341__tp_4_patches.npy
3415,341,-0.1682648054417921,./data_starmen/images_patch/Starman__subject_s341__tp_5_patches.npy
3416,341,0.799809838830627,./data_starmen/images_patch/Starman__subject_s341__tp_6_patches.npy
3417,341,1.767884483103046,./data_starmen/images_patch/Starman__subject_s341__tp_7_patches.npy
3418,341,2.735959127375465,./data_starmen/images_patch/Starman__subject_s341__tp_8_patches.npy
3419,341,3.704033771647884,./data_starmen/images_patch/Starman__subject_s341__tp_9_patches.npy
3420,342,-2.58162871044286,./data_starmen/images_patch/Starman__subject_s342__tp_0_patches.npy
3421,342,-1.5883246909138895,./data_starmen/images_patch/Starman__subject_s342__tp_1_patches.npy
3422,342,-0.5950206713849191,./data_starmen/images_patch/Starman__subject_s342__tp_2_patches.npy
3423,342,0.3982833481440511,./data_starmen/images_patch/Starman__subject_s342__tp_3_patches.npy
3424,342,1.3915873676730215,./data_starmen/images_patch/Starman__subject_s342__tp_4_patches.npy
3425,342,2.3848913872019923,./data_starmen/images_patch/Starman__subject_s342__tp_5_patches.npy
3426,342,3.378195406730962,./data_starmen/images_patch/Starman__subject_s342__tp_6_patches.npy
3427,342,4.371499426259932,./data_starmen/images_patch/Starman__subject_s342__tp_7_patches.npy
3428,342,5.364803445788903,./data_starmen/images_patch/Starman__subject_s342__tp_8_patches.npy
3429,342,6.3581074653178735,./data_starmen/images_patch/Starman__subject_s342__tp_9_patches.npy
3430,343,-3.5207807451369937,./data_starmen/images_patch/Starman__subject_s343__tp_0_patches.npy
3431,343,-2.622927692231287,./data_starmen/images_patch/Starman__subject_s343__tp_1_patches.npy
3432,343,-1.7250746393255805,./data_starmen/images_patch/Starman__subject_s343__tp_2_patches.npy
3433,343,-0.8272215864198738,./data_starmen/images_patch/Starman__subject_s343__tp_3_patches.npy
3434,343,0.0706314664858327,./data_starmen/images_patch/Starman__subject_s343__tp_4_patches.npy
3435,343,0.9684845193915392,./data_starmen/images_patch/Starman__subject_s343__tp_5_patches.npy
3436,343,1.8663375722972464,./data_starmen/images_patch/Starman__subject_s343__tp_6_patches.npy
3437,343,2.764190625202952,./data_starmen/images_patch/Starman__subject_s343__tp_7_patches.npy
3438,343,3.662043678108659,./data_starmen/images_patch/Starman__subject_s343__tp_8_patches.npy
3439,343,4.559896731014366,./data_starmen/images_patch/Starman__subject_s343__tp_9_patches.npy
3440,344,-2.756907580500235,./data_starmen/images_patch/Starman__subject_s344__tp_0_patches.npy
3441,344,-1.6292396886542344,./data_starmen/images_patch/Starman__subject_s344__tp_1_patches.npy
3442,344,-0.5015717968082338,./data_starmen/images_patch/Starman__subject_s344__tp_2_patches.npy
3443,344,0.626096095037767,./data_starmen/images_patch/Starman__subject_s344__tp_3_patches.npy
3444,344,1.7537639868837671,./data_starmen/images_patch/Starman__subject_s344__tp_4_patches.npy
3445,344,2.881431878729768,./data_starmen/images_patch/Starman__subject_s344__tp_5_patches.npy
3446,344,4.009099770575769,./data_starmen/images_patch/Starman__subject_s344__tp_6_patches.npy
3447,344,5.13676766242177,./data_starmen/images_patch/Starman__subject_s344__tp_7_patches.npy
3448,344,6.26443555426777,./data_starmen/images_patch/Starman__subject_s344__tp_8_patches.npy
3449,344,7.39210344611377,./data_starmen/images_patch/Starman__subject_s344__tp_9_patches.npy
3450,345,-4.55904489681171,./data_starmen/images_patch/Starman__subject_s345__tp_0_patches.npy
3451,345,-3.4671418174609743,./data_starmen/images_patch/Starman__subject_s345__tp_1_patches.npy
3452,345,-2.375238738110238,./data_starmen/images_patch/Starman__subject_s345__tp_2_patches.npy
3453,345,-1.2833356587595013,./data_starmen/images_patch/Starman__subject_s345__tp_3_patches.npy
3454,345,-0.1914325794087652,./data_starmen/images_patch/Starman__subject_s345__tp_4_patches.npy
3455,345,0.9004704999419708,./data_starmen/images_patch/Starman__subject_s345__tp_5_patches.npy
3456,345,1.992373579292708,./data_starmen/images_patch/Starman__subject_s345__tp_6_patches.npy
3457,345,3.084276658643444,./data_starmen/images_patch/Starman__subject_s345__tp_7_patches.npy
3458,345,4.17617973799418,./data_starmen/images_patch/Starman__subject_s345__tp_8_patches.npy
3459,345,5.268082817344916,./data_starmen/images_patch/Starman__subject_s345__tp_9_patches.npy
3470,347,-7.072489589945608,./data_starmen/images_patch/Starman__subject_s347__tp_0_patches.npy
3471,347,-5.896937969651899,./data_starmen/images_patch/Starman__subject_s347__tp_1_patches.npy
3472,347,-4.721386349358189,./data_starmen/images_patch/Starman__subject_s347__tp_2_patches.npy
3473,347,-3.545834729064481,./data_starmen/images_patch/Starman__subject_s347__tp_3_patches.npy
3474,347,-2.370283108770772,./data_starmen/images_patch/Starman__subject_s347__tp_4_patches.npy
3475,347,-1.1947314884770623,./data_starmen/images_patch/Starman__subject_s347__tp_5_patches.npy
3476,347,-0.0191798681833539,./data_starmen/images_patch/Starman__subject_s347__tp_6_patches.npy
3477,347,1.1563717521103565,./data_starmen/images_patch/Starman__subject_s347__tp_7_patches.npy
3478,347,2.3319233724040647,./data_starmen/images_patch/Starman__subject_s347__tp_8_patches.npy
3479,347,3.507474992697773,./data_starmen/images_patch/Starman__subject_s347__tp_9_patches.npy
3480,348,-4.743409105761594,./data_starmen/images_patch/Starman__subject_s348__tp_0_patches.npy
3481,348,-3.628523974177229,./data_starmen/images_patch/Starman__subject_s348__tp_1_patches.npy
3482,348,-2.513638842592864,./data_starmen/images_patch/Starman__subject_s348__tp_2_patches.npy
3483,348,-1.398753711008499,./data_starmen/images_patch/Starman__subject_s348__tp_3_patches.npy
3484,348,-0.2838685794241344,./data_starmen/images_patch/Starman__subject_s348__tp_4_patches.npy
3485,348,0.8310165521602304,./data_starmen/images_patch/Starman__subject_s348__tp_5_patches.npy
3486,348,1.9459016837445955,./data_starmen/images_patch/Starman__subject_s348__tp_6_patches.npy
3487,348,3.06078681532896,./data_starmen/images_patch/Starman__subject_s348__tp_7_patches.npy
3488,348,4.175671946913325,./data_starmen/images_patch/Starman__subject_s348__tp_8_patches.npy
3489,348,5.290557078497691,./data_starmen/images_patch/Starman__subject_s348__tp_9_patches.npy
3490,349,-5.403830031719877,./data_starmen/images_patch/Starman__subject_s349__tp_0_patches.npy
3491,349,-4.359230818900143,./data_starmen/images_patch/Starman__subject_s349__tp_1_patches.npy
3492,349,-3.3146316060804097,./data_starmen/images_patch/Starman__subject_s349__tp_2_patches.npy
3493,349,-2.270032393260676,./data_starmen/images_patch/Starman__subject_s349__tp_3_patches.npy
3494,349,-1.2254331804409428,./data_starmen/images_patch/Starman__subject_s349__tp_4_patches.npy
3495,349,-0.1808339676212096,./data_starmen/images_patch/Starman__subject_s349__tp_5_patches.npy
3496,349,0.8637652451985245,./data_starmen/images_patch/Starman__subject_s349__tp_6_patches.npy
3497,349,1.9083644580182575,./data_starmen/images_patch/Starman__subject_s349__tp_7_patches.npy
3498,349,2.952963670837991,./data_starmen/images_patch/Starman__subject_s349__tp_8_patches.npy
3499,349,3.997562883657724,./data_starmen/images_patch/Starman__subject_s349__tp_9_patches.npy
3500,350,-3.0175392593913304,./data_starmen/images_patch/Starman__subject_s350__tp_0_patches.npy
3501,350,-1.861123945180306,./data_starmen/images_patch/Starman__subject_s350__tp_1_patches.npy
3502,350,-0.7047086309692818,./data_starmen/images_patch/Starman__subject_s350__tp_2_patches.npy
3503,350,0.4517066832417424,./data_starmen/images_patch/Starman__subject_s350__tp_3_patches.npy
3504,350,1.6081219974527667,./data_starmen/images_patch/Starman__subject_s350__tp_4_patches.npy
3505,350,2.764537311663791,./data_starmen/images_patch/Starman__subject_s350__tp_5_patches.npy
3506,350,3.9209526258748153,./data_starmen/images_patch/Starman__subject_s350__tp_6_patches.npy
3507,350,5.077367940085839,./data_starmen/images_patch/Starman__subject_s350__tp_7_patches.npy
3508,350,6.233783254296863,./data_starmen/images_patch/Starman__subject_s350__tp_8_patches.npy
3509,350,7.390198568507888,./data_starmen/images_patch/Starman__subject_s350__tp_9_patches.npy
3520,352,-5.599203949238579,./data_starmen/images_patch/Starman__subject_s352__tp_0_patches.npy
3521,352,-4.491656660680815,./data_starmen/images_patch/Starman__subject_s352__tp_1_patches.npy
3522,352,-3.384109372123051,./data_starmen/images_patch/Starman__subject_s352__tp_2_patches.npy
3523,352,-2.2765620835652878,./data_starmen/images_patch/Starman__subject_s352__tp_3_patches.npy
3524,352,-1.1690147950075236,./data_starmen/images_patch/Starman__subject_s352__tp_4_patches.npy
3525,352,-0.0614675064497598,./data_starmen/images_patch/Starman__subject_s352__tp_5_patches.npy
3526,352,1.046079782108004,./data_starmen/images_patch/Starman__subject_s352__tp_6_patches.npy
3527,352,2.153627070665768,./data_starmen/images_patch/Starman__subject_s352__tp_7_patches.npy
3528,352,3.2611743592235314,./data_starmen/images_patch/Starman__subject_s352__tp_8_patches.npy
3529,352,4.368721647781296,./data_starmen/images_patch/Starman__subject_s352__tp_9_patches.npy
3530,353,-4.143338287937505,./data_starmen/images_patch/Starman__subject_s353__tp_0_patches.npy
3531,353,-2.93946159796192,./data_starmen/images_patch/Starman__subject_s353__tp_1_patches.npy
3532,353,-1.7355849079863344,./data_starmen/images_patch/Starman__subject_s353__tp_2_patches.npy
3533,353,-0.5317082180107491,./data_starmen/images_patch/Starman__subject_s353__tp_3_patches.npy
3534,353,0.6721684719648362,./data_starmen/images_patch/Starman__subject_s353__tp_4_patches.npy
3535,353,1.8760451619404213,./data_starmen/images_patch/Starman__subject_s353__tp_5_patches.npy
3536,353,3.0799218519160068,./data_starmen/images_patch/Starman__subject_s353__tp_6_patches.npy
3537,353,4.283798541891592,./data_starmen/images_patch/Starman__subject_s353__tp_7_patches.npy
3538,353,5.487675231867177,./data_starmen/images_patch/Starman__subject_s353__tp_8_patches.npy
3539,353,6.691551921842763,./data_starmen/images_patch/Starman__subject_s353__tp_9_patches.npy
3540,354,-2.0656463102091585,./data_starmen/images_patch/Starman__subject_s354__tp_0_patches.npy
3541,354,-0.9935395319478032,./data_starmen/images_patch/Starman__subject_s354__tp_1_patches.npy
3542,354,0.0785672463135522,./data_starmen/images_patch/Starman__subject_s354__tp_2_patches.npy
3543,354,1.1506740245749074,./data_starmen/images_patch/Starman__subject_s354__tp_3_patches.npy
3544,354,2.222780802836263,./data_starmen/images_patch/Starman__subject_s354__tp_4_patches.npy
3545,354,3.2948875810976186,./data_starmen/images_patch/Starman__subject_s354__tp_5_patches.npy
3546,354,4.366994359358973,./data_starmen/images_patch/Starman__subject_s354__tp_6_patches.npy
3547,354,5.439101137620328,./data_starmen/images_patch/Starman__subject_s354__tp_7_patches.npy
3548,354,6.511207915881684,./data_starmen/images_patch/Starman__subject_s354__tp_8_patches.npy
3549,354,7.58331469414304,./data_starmen/images_patch/Starman__subject_s354__tp_9_patches.npy
3560,356,-2.529314951738136,./data_starmen/images_patch/Starman__subject_s356__tp_0_patches.npy
3561,356,-1.4962548762156769,./data_starmen/images_patch/Starman__subject_s356__tp_1_patches.npy
3562,356,-0.4631948006932176,./data_starmen/images_patch/Starman__subject_s356__tp_2_patches.npy
3563,356,0.5698652748292412,./data_starmen/images_patch/Starman__subject_s356__tp_3_patches.npy
3564,356,1.6029253503517005,./data_starmen/images_patch/Starman__subject_s356__tp_4_patches.npy
3565,356,2.63598542587416,./data_starmen/images_patch/Starman__subject_s356__tp_5_patches.npy
3566,356,3.669045501396618,./data_starmen/images_patch/Starman__subject_s356__tp_6_patches.npy
3567,356,4.702105576919077,./data_starmen/images_patch/Starman__subject_s356__tp_7_patches.npy
3568,356,5.735165652441537,./data_starmen/images_patch/Starman__subject_s356__tp_8_patches.npy
3569,356,6.768225727963995,./data_starmen/images_patch/Starman__subject_s356__tp_9_patches.npy
3570,357,-6.8015534007504925,./data_starmen/images_patch/Starman__subject_s357__tp_0_patches.npy
3571,357,-5.82217562170735,./data_starmen/images_patch/Starman__subject_s357__tp_1_patches.npy
3572,357,-4.842797842664208,./data_starmen/images_patch/Starman__subject_s357__tp_2_patches.npy
3573,357,-3.8634200636210654,./data_starmen/images_patch/Starman__subject_s357__tp_3_patches.npy
3574,357,-2.884042284577923,./data_starmen/images_patch/Starman__subject_s357__tp_4_patches.npy
3575,357,-1.9046645055347808,./data_starmen/images_patch/Starman__subject_s357__tp_5_patches.npy
3576,357,-0.9252867264916382,./data_starmen/images_patch/Starman__subject_s357__tp_6_patches.npy
3577,357,0.0540910525515041,./data_starmen/images_patch/Starman__subject_s357__tp_7_patches.npy
3578,357,1.0334688315946463,./data_starmen/images_patch/Starman__subject_s357__tp_8_patches.npy
3579,357,2.012846610637789,./data_starmen/images_patch/Starman__subject_s357__tp_9_patches.npy
3580,358,-4.063016741644786,./data_starmen/images_patch/Starman__subject_s358__tp_0_patches.npy
3581,358,-2.860914017231484,./data_starmen/images_patch/Starman__subject_s358__tp_1_patches.npy
3582,358,-1.6588112928181815,./data_starmen/images_patch/Starman__subject_s358__tp_2_patches.npy
3583,358,-0.4567085684048795,./data_starmen/images_patch/Starman__subject_s358__tp_3_patches.npy
3584,358,0.7453941560084223,./data_starmen/images_patch/Starman__subject_s358__tp_4_patches.npy
3585,358,1.947496880421724,./data_starmen/images_patch/Starman__subject_s358__tp_5_patches.npy
3586,358,3.1495996048350268,./data_starmen/images_patch/Starman__subject_s358__tp_6_patches.npy
3587,358,4.351702329248328,./data_starmen/images_patch/Starman__subject_s358__tp_7_patches.npy
3588,358,5.55380505366163,./data_starmen/images_patch/Starman__subject_s358__tp_8_patches.npy
3589,358,6.755907778074933,./data_starmen/images_patch/Starman__subject_s358__tp_9_patches.npy
3590,359,-4.45804629034776,./data_starmen/images_patch/Starman__subject_s359__tp_0_patches.npy
3591,359,-3.4969422347387678,./data_starmen/images_patch/Starman__subject_s359__tp_1_patches.npy
3592,359,-2.535838179129775,./data_starmen/images_patch/Starman__subject_s359__tp_2_patches.npy
3593,359,-1.5747341235207828,./data_starmen/images_patch/Starman__subject_s359__tp_3_patches.npy
3594,359,-0.6136300679117905,./data_starmen/images_patch/Starman__subject_s359__tp_4_patches.npy
3595,359,0.3474739876972013,./data_starmen/images_patch/Starman__subject_s359__tp_5_patches.npy
3596,359,1.308578043306194,./data_starmen/images_patch/Starman__subject_s359__tp_6_patches.npy
3597,359,2.2696820989151867,./data_starmen/images_patch/Starman__subject_s359__tp_7_patches.npy
3598,359,3.2307861545241785,./data_starmen/images_patch/Starman__subject_s359__tp_8_patches.npy
3599,359,4.19189021013317,./data_starmen/images_patch/Starman__subject_s359__tp_9_patches.npy
3600,360,-5.326744695568818,./data_starmen/images_patch/Starman__subject_s360__tp_0_patches.npy
3601,360,-4.355839032189701,./data_starmen/images_patch/Starman__subject_s360__tp_1_patches.npy
3602,360,-3.384933368810583,./data_starmen/images_patch/Starman__subject_s360__tp_2_patches.npy
3603,360,-2.4140277054314656,./data_starmen/images_patch/Starman__subject_s360__tp_3_patches.npy
3604,360,-1.443122042052348,./data_starmen/images_patch/Starman__subject_s360__tp_4_patches.npy
3605,360,-0.4722163786732309,./data_starmen/images_patch/Starman__subject_s360__tp_5_patches.npy
3606,360,0.498689284705887,./data_starmen/images_patch/Starman__subject_s360__tp_6_patches.npy
3607,360,1.469594948085005,./data_starmen/images_patch/Starman__subject_s360__tp_7_patches.npy
3608,360,2.440500611464122,./data_starmen/images_patch/Starman__subject_s360__tp_8_patches.npy
3609,360,3.411406274843239,./data_starmen/images_patch/Starman__subject_s360__tp_9_patches.npy
3620,362,-2.615024060326175,./data_starmen/images_patch/Starman__subject_s362__tp_0_patches.npy
3621,362,-1.545018564387744,./data_starmen/images_patch/Starman__subject_s362__tp_1_patches.npy
3622,362,-0.475013068449313,./data_starmen/images_patch/Starman__subject_s362__tp_2_patches.npy
3623,362,0.5949924274891183,./data_starmen/images_patch/Starman__subject_s362__tp_3_patches.npy
3624,362,1.6649979234275492,./data_starmen/images_patch/Starman__subject_s362__tp_4_patches.npy
3625,362,2.73500341936598,./data_starmen/images_patch/Starman__subject_s362__tp_5_patches.npy
3626,362,3.805008915304412,./data_starmen/images_patch/Starman__subject_s362__tp_6_patches.npy
3627,362,4.875014411242843,./data_starmen/images_patch/Starman__subject_s362__tp_7_patches.npy
3628,362,5.9450199071812735,./data_starmen/images_patch/Starman__subject_s362__tp_8_patches.npy
3629,362,7.015025403119705,./data_starmen/images_patch/Starman__subject_s362__tp_9_patches.npy
3640,364,-7.347372368406461,./data_starmen/images_patch/Starman__subject_s364__tp_0_patches.npy
3641,364,-6.121179209821832,./data_starmen/images_patch/Starman__subject_s364__tp_1_patches.npy
3642,364,-4.894986051237202,./data_starmen/images_patch/Starman__subject_s364__tp_2_patches.npy
3643,364,-3.668792892652572,./data_starmen/images_patch/Starman__subject_s364__tp_3_patches.npy
3644,364,-2.442599734067943,./data_starmen/images_patch/Starman__subject_s364__tp_4_patches.npy
3645,364,-1.2164065754833135,./data_starmen/images_patch/Starman__subject_s364__tp_5_patches.npy
3646,364,0.0097865831013166,./data_starmen/images_patch/Starman__subject_s364__tp_6_patches.npy
3647,364,1.235979741685945,./data_starmen/images_patch/Starman__subject_s364__tp_7_patches.npy
3648,364,2.4621729002705752,./data_starmen/images_patch/Starman__subject_s364__tp_8_patches.npy
3649,364,3.688366058855205,./data_starmen/images_patch/Starman__subject_s364__tp_9_patches.npy
3660,366,-2.888567088865818,./data_starmen/images_patch/Starman__subject_s366__tp_0_patches.npy
3661,366,-1.8038819752986868,./data_starmen/images_patch/Starman__subject_s366__tp_1_patches.npy
3662,366,-0.7191968617315556,./data_starmen/images_patch/Starman__subject_s366__tp_2_patches.npy
3663,366,0.3654882518355755,./data_starmen/images_patch/Starman__subject_s366__tp_3_patches.npy
3664,366,1.4501733654027067,./data_starmen/images_patch/Starman__subject_s366__tp_4_patches.npy
3665,366,2.534858478969838,./data_starmen/images_patch/Starman__subject_s366__tp_5_patches.npy
3666,366,3.619543592536969,./data_starmen/images_patch/Starman__subject_s366__tp_6_patches.npy
3667,366,4.7042287061041,./data_starmen/images_patch/Starman__subject_s366__tp_7_patches.npy
3668,366,5.788913819671231,./data_starmen/images_patch/Starman__subject_s366__tp_8_patches.npy
3669,366,6.8735989332383625,./data_starmen/images_patch/Starman__subject_s366__tp_9_patches.npy
3670,367,-3.446362575981822,./data_starmen/images_patch/Starman__subject_s367__tp_0_patches.npy
3671,367,-1.9856496005319175,./data_starmen/images_patch/Starman__subject_s367__tp_1_patches.npy
3672,367,-0.5249366250820136,./data_starmen/images_patch/Starman__subject_s367__tp_2_patches.npy
3673,367,0.9357763503678908,./data_starmen/images_patch/Starman__subject_s367__tp_3_patches.npy
3674,367,2.396489325817795,./data_starmen/images_patch/Starman__subject_s367__tp_4_patches.npy
3675,367,3.857202301267699,./data_starmen/images_patch/Starman__subject_s367__tp_5_patches.npy
3676,367,5.317915276717604,./data_starmen/images_patch/Starman__subject_s367__tp_6_patches.npy
3677,367,6.778628252167507,./data_starmen/images_patch/Starman__subject_s367__tp_7_patches.npy
3678,367,8.239341227617412,./data_starmen/images_patch/Starman__subject_s367__tp_8_patches.npy
3679,367,9.700054203067316,./data_starmen/images_patch/Starman__subject_s367__tp_9_patches.npy
3680,368,-4.2128024925407015,./data_starmen/images_patch/Starman__subject_s368__tp_0_patches.npy
3681,368,-3.0667097088049964,./data_starmen/images_patch/Starman__subject_s368__tp_1_patches.npy
3682,368,-1.920616925069292,./data_starmen/images_patch/Starman__subject_s368__tp_2_patches.npy
3683,368,-0.774524141333587,./data_starmen/images_patch/Starman__subject_s368__tp_3_patches.npy
3684,368,0.371568642402118,./data_starmen/images_patch/Starman__subject_s368__tp_4_patches.npy
3685,368,1.5176614261378232,./data_starmen/images_patch/Starman__subject_s368__tp_5_patches.npy
3686,368,2.6637542098735274,./data_starmen/images_patch/Starman__subject_s368__tp_6_patches.npy
3687,368,3.809846993609233,./data_starmen/images_patch/Starman__subject_s368__tp_7_patches.npy
3688,368,4.955939777344938,./data_starmen/images_patch/Starman__subject_s368__tp_8_patches.npy
3689,368,6.102032561080643,./data_starmen/images_patch/Starman__subject_s368__tp_9_patches.npy
3690,369,-2.7864233451478118,./data_starmen/images_patch/Starman__subject_s369__tp_0_patches.npy
3691,369,-1.6968840075214755,./data_starmen/images_patch/Starman__subject_s369__tp_1_patches.npy
3692,369,-0.6073446698951397,./data_starmen/images_patch/Starman__subject_s369__tp_2_patches.npy
3693,369,0.4821946677311959,./data_starmen/images_patch/Starman__subject_s369__tp_3_patches.npy
3694,369,1.571734005357532,./data_starmen/images_patch/Starman__subject_s369__tp_4_patches.npy
3695,369,2.661273342983868,./data_starmen/images_patch/Starman__subject_s369__tp_5_patches.npy
3696,369,3.750812680610203,./data_starmen/images_patch/Starman__subject_s369__tp_6_patches.npy
3697,369,4.840352018236539,./data_starmen/images_patch/Starman__subject_s369__tp_7_patches.npy
3698,369,5.929891355862875,./data_starmen/images_patch/Starman__subject_s369__tp_8_patches.npy
3699,369,7.019430693489211,./data_starmen/images_patch/Starman__subject_s369__tp_9_patches.npy
3720,372,-5.693357243460641,./data_starmen/images_patch/Starman__subject_s372__tp_0_patches.npy
3721,372,-4.629950690934022,./data_starmen/images_patch/Starman__subject_s372__tp_1_patches.npy
3722,372,-3.5665441384074037,./data_starmen/images_patch/Starman__subject_s372__tp_2_patches.npy
3723,372,-2.5031375858807845,./data_starmen/images_patch/Starman__subject_s372__tp_3_patches.npy
3724,372,-1.4397310333541655,./data_starmen/images_patch/Starman__subject_s372__tp_4_patches.npy
3725,372,-0.376324480827547,./data_starmen/images_patch/Starman__subject_s372__tp_5_patches.npy
3726,372,0.6870820716990718,./data_starmen/images_patch/Starman__subject_s372__tp_6_patches.npy
3727,372,1.7504886242256903,./data_starmen/images_patch/Starman__subject_s372__tp_7_patches.npy
3728,372,2.8138951767523093,./data_starmen/images_patch/Starman__subject_s372__tp_8_patches.npy
3729,372,3.877301729278928,./data_starmen/images_patch/Starman__subject_s372__tp_9_patches.npy
3730,373,-5.823669793283447,./data_starmen/images_patch/Starman__subject_s373__tp_0_patches.npy
3731,373,-4.631544234873667,./data_starmen/images_patch/Starman__subject_s373__tp_1_patches.npy
3732,373,-3.439418676463888,./data_starmen/images_patch/Starman__subject_s373__tp_2_patches.npy
3733,373,-2.2472931180541087,./data_starmen/images_patch/Starman__subject_s373__tp_3_patches.npy
3734,373,-1.055167559644329,./data_starmen/images_patch/Starman__subject_s373__tp_4_patches.npy
3735,373,0.1369579987654505,./data_starmen/images_patch/Starman__subject_s373__tp_5_patches.npy
3736,373,1.3290835571752293,./data_starmen/images_patch/Starman__subject_s373__tp_6_patches.npy
3737,373,2.521209115585009,./data_starmen/images_patch/Starman__subject_s373__tp_7_patches.npy
3738,373,3.713334673994789,./data_starmen/images_patch/Starman__subject_s373__tp_8_patches.npy
3739,373,4.905460232404568,./data_starmen/images_patch/Starman__subject_s373__tp_9_patches.npy
3740,374,-1.6179568037911194,./data_starmen/images_patch/Starman__subject_s374__tp_0_patches.npy
3741,374,-0.3927739576614737,./data_starmen/images_patch/Starman__subject_s374__tp_1_patches.npy
3742,374,0.832408888468172,./data_starmen/images_patch/Starman__subject_s374__tp_2_patches.npy
3743,374,2.0575917345978176,./data_starmen/images_patch/Starman__subject_s374__tp_3_patches.npy
3744,374,3.2827745807274638,./data_starmen/images_patch/Starman__subject_s374__tp_4_patches.npy
3745,374,4.507957426857109,./data_starmen/images_patch/Starman__subject_s374__tp_5_patches.npy
3746,374,5.733140272986755,./data_starmen/images_patch/Starman__subject_s374__tp_6_patches.npy
3747,374,6.958323119116401,./data_starmen/images_patch/Starman__subject_s374__tp_7_patches.npy
3748,374,8.183505965246045,./data_starmen/images_patch/Starman__subject_s374__tp_8_patches.npy
3749,374,9.40868881137569,./data_starmen/images_patch/Starman__subject_s374__tp_9_patches.npy
3750,375,-6.831552355092986,./data_starmen/images_patch/Starman__subject_s375__tp_0_patches.npy
3751,375,-5.4876505592793565,./data_starmen/images_patch/Starman__subject_s375__tp_1_patches.npy
3752,375,-4.143748763465727,./data_starmen/images_patch/Starman__subject_s375__tp_2_patches.npy
3753,375,-2.7998469676520967,./data_starmen/images_patch/Starman__subject_s375__tp_3_patches.npy
3754,375,-1.4559451718384668,./data_starmen/images_patch/Starman__subject_s375__tp_4_patches.npy
3755,375,-0.1120433760248369,./data_starmen/images_patch/Starman__subject_s375__tp_5_patches.npy
3756,375,1.231858419788793,./data_starmen/images_patch/Starman__subject_s375__tp_6_patches.npy
3757,375,2.575760215602424,./data_starmen/images_patch/Starman__subject_s375__tp_7_patches.npy
3758,375,3.9196620114160527,./data_starmen/images_patch/Starman__subject_s375__tp_8_patches.npy
3759,375,5.263563807229682,./data_starmen/images_patch/Starman__subject_s375__tp_9_patches.npy
3760,376,-6.315162876060411,./data_starmen/images_patch/Starman__subject_s376__tp_0_patches.npy
3761,376,-5.346351305807873,./data_starmen/images_patch/Starman__subject_s376__tp_1_patches.npy
3762,376,-4.377539735555335,./data_starmen/images_patch/Starman__subject_s376__tp_2_patches.npy
3763,376,-3.4087281653027968,./data_starmen/images_patch/Starman__subject_s376__tp_3_patches.npy
3764,376,-2.4399165950502586,./data_starmen/images_patch/Starman__subject_s376__tp_4_patches.npy
3765,376,-1.4711050247977209,./data_starmen/images_patch/Starman__subject_s376__tp_5_patches.npy
3766,376,-0.5022934545451827,./data_starmen/images_patch/Starman__subject_s376__tp_6_patches.npy
3767,376,0.4665181157073554,./data_starmen/images_patch/Starman__subject_s376__tp_7_patches.npy
3768,376,1.4353296859598936,./data_starmen/images_patch/Starman__subject_s376__tp_8_patches.npy
3769,376,2.404141256212432,./data_starmen/images_patch/Starman__subject_s376__tp_9_patches.npy
3780,378,-2.555326091500888,./data_starmen/images_patch/Starman__subject_s378__tp_0_patches.npy
3781,378,-1.411295275045907,./data_starmen/images_patch/Starman__subject_s378__tp_1_patches.npy
3782,378,-0.2672644585909252,./data_starmen/images_patch/Starman__subject_s378__tp_2_patches.npy
3783,378,0.8767663578640561,./data_starmen/images_patch/Starman__subject_s378__tp_3_patches.npy
3784,378,2.020797174319038,./data_starmen/images_patch/Starman__subject_s378__tp_4_patches.npy
3785,378,3.16482799077402,./data_starmen/images_patch/Starman__subject_s378__tp_5_patches.npy
3786,378,4.308858807229001,./data_starmen/images_patch/Starman__subject_s378__tp_6_patches.npy
3787,378,5.452889623683984,./data_starmen/images_patch/Starman__subject_s378__tp_7_patches.npy
3788,378,6.596920440138964,./data_starmen/images_patch/Starman__subject_s378__tp_8_patches.npy
3789,378,7.740951256593945,./data_starmen/images_patch/Starman__subject_s378__tp_9_patches.npy
3790,379,-7.279591939044256,./data_starmen/images_patch/Starman__subject_s379__tp_0_patches.npy
3791,379,-5.886528842233648,./data_starmen/images_patch/Starman__subject_s379__tp_1_patches.npy
3792,379,-4.4934657454230384,./data_starmen/images_patch/Starman__subject_s379__tp_2_patches.npy
3793,379,-3.100402648612429,./data_starmen/images_patch/Starman__subject_s379__tp_3_patches.npy
3794,379,-1.7073395518018204,./data_starmen/images_patch/Starman__subject_s379__tp_4_patches.npy
3795,379,-0.3142764549912114,./data_starmen/images_patch/Starman__subject_s379__tp_5_patches.npy
3796,379,1.0787866418193977,./data_starmen/images_patch/Starman__subject_s379__tp_6_patches.npy
3797,379,2.4718497386300067,./data_starmen/images_patch/Starman__subject_s379__tp_7_patches.npy
3798,379,3.864912835440616,./data_starmen/images_patch/Starman__subject_s379__tp_8_patches.npy
3799,379,5.257975932251225,./data_starmen/images_patch/Starman__subject_s379__tp_9_patches.npy
